:020000040000fa
:080000000002040000000000f2
:020000040000fa
:0400080014030000dd
:020000040000fa
:04000c0014030000d9
:020000040000fa
:0400100014030000d5
:020000040000fa
:0400140014030000d1
:020000040000fa
:0400180014030000cd
:020000040000fa
:04001c0014030000c9
:020000040000fa
:0400200014030000c5
:020000040000fa
:0400240014030000c1
:020000040000fa
:0400280014030000bd
:020000040000fa
:04002c0014030000b9
:020000040000fa
:0400300014030000b5
:020000040000fa
:04003400e4020000e2
:020000040000fa
:0400380014030000ad
:020000040000fa
:04003c0014030000a9
:020000040000fa
:0400400014030000a5
:020000040000fa
:0400440014030000a1
:020000040000fa
:04004800140300009d
:020000040000fa
:04004c001403000099
:020000040000fa
:040050001403000095
:020000040000fa
:040054001403000091
:020000040000fa
:04005800140300008d
:020000040000fa
:04005c001403000089
:020000040000fa
:040060001403000085
:020000040000fa
:040064001403000081
:020000040000fa
:04006800140300007d
:020000040000fa
:04006c001403000079
:020000040000fa
:040070001403000075
:020000040000fa
:040074001403000071
:020000040000fa
:04007800140300006d
:020000040000fa
:04007c001403000069
:020000040000fa
:040080001403000065
:020000040000fa
:040084001403000061
:020000040000fa
:04008800140300005d
:020000040000fa
:04008c001403000059
:020000040000fa
:040090001403000055
:020000040000fa
:040094001403000051
:020000040000fa
:04009800140300004d
:020000040000fa
:04009c001403000049
:020000040000fa
:0400a0001403000045
:020000040000fa
:0400a4001403000041
:020000040000fa
:0400a800140300003d
:020000040000fa
:0400ac001403000039
:020000040000fa
:0400b0001403000035
:020000040000fa
:0400b4001403000031
:020000040000fa
:0400b800140300002d
:020000040000fa
:0400bc001403000029
:020000040000fa
:0400c0001403000025
:020000040000fa
:0400c4001403000021
:020000040000fa
:0400c800140300001d
:020000040000fa
:0400cc001403000019
:020000040000fa
:0400d0001403000015
:020000040000fa
:0400d4001403000011
:020000040000fa
:0400d800140300000d
:020000040000fa
:0400dc001403000009
:020000040000fa
:0400e0001403000005
:020000040000fa
:0400e4001403000001
:020000040000fa
:0400e80014030000fd
:020000040000fa
:0400ec0014030000f9
:020000040000fa
:0400f00014030000f5
:020000040000fa
:0400f40014030000f1
:020000040000fa
:0400f80014030000ed
:020000040000fa
:0400fc0014030000e9
:020000040000fa
:0401000014030000e4
:020000040000fa
:0401040014030000e0
:020000040000fa
:0401080014030000dc
:020000040000fa
:04010c0014030000d8
:020000040000fa
:0401100014030000d4
:020000040000fa
:0401140014030000d0
:020000040000fa
:0401180014030000cc
:020000040000fa
:04011c0014030000c8
:020000040000fa
:0401200014030000c4
:020000040000fa
:0401240014030000c0
:020000040000fa
:0401280014030000bc
:020000040000fa
:04012c0014030000b8
:020000040000fa
:0401300014030000b4
:020000040000fa
:0401340014030000b0
:020000040000fa
:0402080014030000db
:020000040000fa
:04020c0014030000d7
:020000040000fa
:0402100014030000d3
:020000040000fa
:0402140014030000cf
:020000040000fa
:0402180014030000cb
:020000040000fa
:04021c0014030000c7
:020000040000fa
:0402200014030000c3
:020000040000fa
:0402240014030000bf
:020000040000fa
:0402280014030000bb
:020000040000fa
:04022c0014030000b7
:020000040000fa
:0402300014030000b3
:020000040000fa
:04023400e4020000e0
:020000040000fa
:0402380014030000ab
:020000040000fa
:04023c0014030000a7
:020000040000fa
:0402400014030000a3
:020000040000fa
:04024400140300009f
:020000040000fa
:04024800140300009b
:020000040000fa
:04024c001403000097
:020000040000fa
:040250001403000093
:020000040000fa
:04025400140300008f
:020000040000fa
:04025800140300008b
:020000040000fa
:04025c001403000087
:020000040000fa
:040260001403000083
:020000040000fa
:04026400140300007f
:020000040000fa
:04026800140300007b
:020000040000fa
:04026c001403000077
:020000040000fa
:040270001403000073
:020000040000fa
:04027400140300006f
:020000040000fa
:04027800140300006b
:020000040000fa
:04027c001403000067
:020000040000fa
:040280001403000063
:020000040000fa
:04028400140300005f
:020000040000fa
:04028800140300005b
:020000040000fa
:04028c001403000057
:020000040000fa
:040290001403000053
:020000040000fa
:04029400140300004f
:020000040000fa
:04029800140300004b
:020000040000fa
:04029c001403000047
:020000040000fa
:0402a0001403000043
:020000040000fa
:0402a400140300003f
:020000040000fa
:0402a800140300003b
:020000040000fa
:0402ac001403000037
:020000040000fa
:0402b0001403000033
:020000040000fa
:0402b400140300002f
:020000040000fa
:0402b800140300002b
:020000040000fa
:0402bc001403000027
:020000040000fa
:0402c0001403000023
:020000040000fa
:0402c400140300001f
:020000040000fa
:0402c800140300001b
:020000040000fa
:0402cc001403000017
:020000040000fa
:0402d0001403000013
:020000040000fa
:0402d400140300000f
:020000040000fa
:0402d800140300000b
:020000040000fa
:0402dc001403000007
:020000040000fa
:0402e0001403000003
:020000040000fa
:0402e40014030000ff
:020000040000fa
:0402e80014030000fb
:020000040000fa
:0402ec0014030000f7
:020000040000fa
:0402f00014030000f3
:020000040000fa
:0402f40014030000ef
:020000040000fa
:0402f80014030000eb
:020000040000fa
:0402fc0014030000e7
:020000040000fa
:0403000014030000e2
:020000040000fa
:0403040014030000de
:020000040000fa
:0403080014030000da
:020000040000fa
:04030c0014030000d6
:020000040000fa
:0403100014030000d2
:020000040000fa
:0403140014030000ce
:020000040000fa
:0403180014030000ca
:020000040000fa
:04031c0014030000c6
:020000040000fa
:0403200014030000c2
:020000040000fa
:0403240014030000be
:020000040000fa
:0403280014030000ba
:020000040000fa
:04032c0014030000b6
:020000040000fa
:0403300014030000b2
:020000040000fa
:0403340014030000ae
:020000040000fa
:100400000fba21000e7f22000e01880000000000bc
:10041000000020000000e000020032000001200087
:100420002002880014000700810007000000e0009f
:1004300003003a00c032260001002000020037000d
:100440000000200001002000810f70000100320038
:1004500014000700000020000000e000020032004d
:10046000000002000000000088620200000000009e
:100470000040da000000fe004440a900e00f200028
:100480000000e0000300320000002000a00188000e
:100490004440a800000006008a1f78008b1f7800e7
:1004a0000000060091018800800478000000eb0045
:1004b0001a003700e284440032a0b4009905ba0063
:1004c000e284440032a0b4009906ba00e2844400f9
:1004d00032a0b4000006eb00476fde00fd07b2005b
:1004e000636ce10003003a00ebff07000000eb0043
:1004f0000a003700606ce10004003a00005deb0088
:100500008b05e900fdff3e00040037006168e10053
:10051000010032000086eb000b00070019c7ba008b
:100520001905ba000e04e00003003a000a00e000da
:10053000e0ff3a0000000600fe07b2009e018800be
:100540008a047800f5ff3700395dba008b05e900b1
:100550000c003200295dba008b05e900080032006a
:100560000c00e00003003a00e284440032a0b40032
:10057000f5ff370019ddba008b05e900faff3a00f4
:100580008904e800e184440032a0b40000000600c1
:100590007e250400000000006254040000000000fa
:1005a000f85d040000000000245d0400000000006d
:1005b000085d0400000000007e5d040000000000f3
:1005c000465e0400000000003600f800809fbe0078
:1005d000829fbe00849fbe00869fbe003400f8004c
:1005e00000002000a00188000000fa008460a9003b
:1005f000de0d07000000e000030032008663020009
:1006000000000000000000000080fa003400f90043
:100610004f03be004f02be004f01be004f00be00a0
:100620003600f900004006000040da000000fe003d
:10063000000005006022b800060220000000d00083
:100640008180d2000482d2008582d2000000a00006
:100650000202520083825a0003003100020242006b
:1006600083824a000000a1000603e900f3ff3a007c
:10067000000006000000fa0068815700cfb897001c
:100680004d0207000080fa0000000600710007001c
:10069000c9000700fd00070079010700a10107005c
:1006a0009d020700480237008001780002003700f1
:1006b000b15978000201e9000200e000fcff3a00b5
:1006c00000000600889fbe008a9fbe00800478005c
:1006d0000200e0005b00320001407800814c7800ad
:1006e00082814400f1f99f00e20f5100550036006d
:1006f00091449800a1449800e1f99f00d1f99f002e
:10070000e60f51004f003600b1449800c1f99f0038
:10071000e80f51004b0036000905ea00630565004b
:100720000a8444000a055100c1ff2f00010565003d
:100730000080fb008000eb0012102000131020004e
:100740007b050700008cbe000a01440060b99f00d1
:1007500071b99f00e80f55003a0036002004980058
:1007600031049800400498005104980020b99f007b
:1007700031b99f0040b99f0051b99f00f80f550053
:10078000300036006004980071049800000c980056
:10079000110c9800200c9800310c9800400c980027
:1007a000510c980020b19f0031b19f0040b19f00d3
:1007b00051b19f0060b19f0071b19f0000b99f00cf
:1007c00011b99f00640164007801410002044400f3
:1007d000020555006011b8000203be000002be0011
:1007e0000403be006022b800000072008180720025
:1007f000020173008381730010003700009cbe006b
:100800000294be00400498005104980062049800cd
:1008100073049800000c9800110c9800220c9800aa
:10082000330c9800400c9800510c9800620c980012
:10083000730c98000a02b1000802b000ff0f5500c7
:10084000eeff3e00090078004f05be004f04be00d9
:1008500000000600ec874700889fbe008a9fbe000c
:100860008c9fbe008e1f780000067800010478007f
:10087000180790002805900098067800cdb79f00d3
:10088000b80590003202be002203be000400be0084
:100890000601be004f18de006011b8008000eb00ba
:1008a000d0b79f00e1b79f00f2b79f0083bf9f00c2
:1008b000800478000900e000060032006000b80003
:1008c0006011b800040250008582580006035900e8
:1008d000878359000e00e000020035000d10a100d2
:1008e000cdb79f000900e00005003a004fb0970027
:1008f0000028a30002003a000038a30002003200e2
:100900008a00e900010037008a007800f88157006a
:10091000a200200008007800860007000900e0001f
:1009200003003a00cfb097000128a300080032006e
:100930000000e90000814500b1c2b3000900e000f9
:1009400001003200d1c2b300014978000500370030
:100950000138a300030032000000e90001c2b30027
:1009600081757800480190000201e9000001510002
:10097000808045004fb297008a0178000c00780013
:10098000300207009c0090000188a30004003200a0
:1009900098009000810f500001003d000100780098
:1009a0004f0778004f06be004f05be004f04be0043
:1009b000cf00b100000006000200fa00889fbe00d0
:1009c0008a9fbe008005780001047800020078004c
:1009d000180190002805900098007800b1bf9f0092
:1009e000b80490000200e000020035000110a100f0
:1009f000b1bf9f00ea815700820020008a00780082
:100a00003002be002003be00080078004900070045
:100a10003fb99700f0006100030032000000e900d8
:100a200001c3b300817478003fb99700e80061000a
:100a3000030032000000e90001c2b30081747800b5
:100a4000480190000201e90000015100808044004b
:100a50003fba97008a0178000b007800f90107007f
:100a60009b0090000188a3000400320098009000d1
:100a7000810f500001003d00010078004f05be00cd
:100a80004f04be000080fa0000000600ea8747001d
:100a9000889fbe008a9fbe008e1f780000047800e9
:100aa000030078007287570084e2260055c72600ad
:100ab000049fbe00c3962200030f78006c87570086
:100ac000004feb0011059000a10490009105780003
:100ad0000200e00002003200020778000100370047
:100ae000728757000000e00002003a000e00780014
:100af000e30307000a00e000030035008a0f5000fe
:100b0000010036000a0078000b02780089017800a5
:100b1000000178008e00780008007800c901070005
:100b20004f0778004f05be004f04be00af00b10074
:100b300000000600f4874700889fbe008a9fbe0021
:100b40008c9fbe008e1f78000605be000404be0008
:100b500081bf9f0082b79f00f3b79f00b000900055
:100b6000e1b79f001301780092b79f0090069000b4
:100b7000400090000000e900000678000d00e00051
:100b800001003d001d0020008040eb00efb1970008
:100b9000817178001e0020001f0037000c06e9005c
:100ba0000fb09700cf80de006109b900a0b79f00a9
:100bb000b1b79f00c2b79f00d3b79f000203be002a
:100bc0000002be000800be000a01be00fe040700cd
:100bd000000778000e4078000043b000efb09700a7
:100be00080707e008d06e9000fb997000201e900d0
:100bf00082bf9f002fb29700bfb297004fb39700fc
:100c0000dfb397000800be000a01be00e70407003a
:100c10000205be000004be000c00e0000d00340020
:100c2000e00f5400e08f5c00e00f5d00e08f5d009e
:100c3000daff3a000d00e000d8ff3c008fb99700c2
:100c40000300e000030034001fb097000018a30069
:100c5000d2ff3a000e00e00002003a00ffb0970019
:100c60001140a1000c0078004f0778004f06be002d
:100c70004f05be004f04be004f01b100000006004a
:100c80000200fa00889fbe008a9fbe00000578001f
:100c9000010478000200780018019000a804900078
:100ca00098007800b1bf9f00b80590000200e000f6
:100cb000020035000110a100b1bf9f00ea8157007a
:100cc000a2002000890078003002be002003be0090
:100cd0000800780097ff0700480190000201e90032
:100ce00000015100808045003fba970089017800db
:100cf0000a007800530107009a0090000188a300c1
:100d00000400320098009000810f500001003d0067
:100d1000010078004f05be004f04be000080fa00bd
:100d200000000600fa874700889fbe008a9fbe0029
:100d30008c9fbe008e1f780080047800010478002c
:100d400082057800180190002805900018077800a7
:100d5000b80090000200e000020035000e10a10073
:100d6000010037001200200070006700e0b79f000c
:100d7000090032003b02be002b03be00e00f520010
:100d8000e08f5a00e00f5b00e08f5b000200320052
:100d90008a86e900010037008a067800e8026700c9
:100da000f5b79f00010032008d06e9003b02be004e
:100db0002b03be00e4af9f00f5af9f0086b79f00f6
:100dc00097b79f00480690000c06e9000040eb0032
:100dd00080707e00efb297007fb2970089037800a1
:100de00081047800d8af9f00020478008bbf9f0079
:100df0008a057800034578002a0037000c06e900d0
:100e00006fab97006f006300e90f500002003c00d9
:100e10000003b000010037007005b0000a03fb00ba
:100e20001604b100f90f53000c003e0000037800d7
:100e30000650a0001606b100f90f530007003e004f
:100e4000b4b79f00a5b79f00c7b79f002b0307004b
:100e5000cfb39700afb297003fb2970080747e0087
:100e60000804e9008d06e9006fa89700ffa8970025
:100e70000fb197009fb19700460020008301d10079
:100e80000281d3008180d3000080d3000603e900f3
:100e9000faff3a00e0af9f00f1af9f0082b79f00da
:100ea00093b79f00e10f56000f0034006fa8970022
:100eb000ffa897000fb197009fb19700e00f500077
:100ec000e08f5800e00f5900e08f5900cbff3a0047
:100ed0000800e000c9ff3c000d00e0000200340003
:100ee0000e18a300c5ff3a0089007800f4b79f00f0
:100ef000870478005fac97008a4178000b05780082
:100f00008fbd97000500e000100032003b02be00dc
:100f10002b03be00e4af9f00f5af9f0086b79f0094
:100f200097b79f00e00f5200e08f5a00e00f5b0080
:100f3000e08f5b00050032000c06e90083707e0044
:100f40000c06e90000c3b30080707e00ffb297007a
:100f50000500e000030032000c06e90000c2b30007
:100f600080707e00480190000201e9000c015100f0
:100f70008c8040000e0278008a0178000900780019
:100f8000b0000700990090000188a300040032001f
:100f900098009000810f500001003d000100780092
:100fa0004f0778004f06be004f05be004f04be003d
:100fb000af01b10000000600820178000101780055
:100fc000f1ff2700d402370084082000848f5000ee
:100fd0001d0032000d003c0014082000848f5000da
:100fe0002700320002003c00040820000400370003
:100ff00024082000848f5000340032004408200070
:10100000848f500043003a0036003700040a200065
:10101000848f50002700320004003c0004092000a7
:10102000848f50003b003a0028003700020c20005b
:10103000828f50002f003200020f2000828f50005c
:1010400034003a002b0037009380e9000200e000f2
:1010500005003200810978001102fb00cfa2de00fa
:10106000612bb9002800370081097800114278000f
:101070000482fb008002eb006033b80022003700de
:1010800013027800e40052000200e0000500320084
:10109000810978001102be004fabde0086037800a4
:1010a00019003700810978001102be006033b800d2
:1010b000150037009380e90081097800110278005b
:1010c000cfa2de00612bb9000f0037009302780039
:1010d000e8805200810978003102be002103be0081
:1010e000090037009380e9000200e00002003200ae
:1010f000f1ff37009380e900810978001102780040
:101100008002eb006033b8000498be000690be0079
:10111000100005000000050044082000848f5000e6
:101120002500320008003c0014082000848f500085
:101130001400320024082000848f50002400320064
:10114000040820000c00370004092000848f5000a0
:101150001f00320004003c0084082000848f5000ef
:1011600024003a000e003700040a2000848f50004b
:1011700011003200040c2000848f50001d003a0042
:101180000d0037009380e900810978009100780014
:1011900001087800cf91de008288be00140037007d
:1011a0009380e900810978009100780001087800b7
:1011b000824878000e0037009380e90081097800aa
:1011c0009100780001087800820878000800370054
:1011d0009380e90081097800910078000108780087
:1011e0006112b900612bb9008498be008690be00e0
:1011f0001000050000000500889fbe000004780074
:101200004800900082047800808f5400010036006e
:1012100080047800090178005800900022fd070042
:10122000580090000900400050049800c800900049
:1012300089845000490498000048eb004f04be0028
:1012400000000600f2874700889fbe008a9fbe000c
:101250008c9fbe008e1f7800800478000105780006
:1012600002047800830578006107620002003a00fa
:101270008b0f540008003900080178008a007800bc
:1012800009007800dcff07008b0f540002003900d2
:10129000880578001e003700088655000c0178008c
:1012a000f00f56000100360002012000010220006c
:1012b0007e80570003fd07008c067800050037008c
:1012c00002012000fe80570009007800caff0700d5
:1012d000f0865600ef8f5600f9ff3e004461de00b5
:1012e00000ff2f000091b90002014600fe80570068
:1012f00009007800c0ff07000e00e00004003a007b
:10130000080178008a00780009007800baff070019
:101310000b0078004f0778004f06be004f05be0057
:101320004f04be002f01b1000000060000000500c0
:101330000000050000000500000178000040eb00ff
:101340008080fb008180400083b8210063c2780068
:101350000404e00003003a0090b8210060c0780067
:101360000000060092017800934f520004003a00fa
:1013700090b8210060c078000309e8000100370040
:101380000040e800ea4f5000edff36000000060084
:10139000f6874700889fbe008a9fbe008c9fbe00d4
:1013a0008e1f78000005780001047800830578001e
:1013b000040678000000eb00c0b79f008080eb00bf
:1013c000d1b79f00e0b79f00f2b79f000008200050
:1013d00080bf9f0098007800010078008004eb0037
:1013e000010037008904e800304178000204e00081
:1013f0000300320053c2b300834f5100f9ff3a009b
:101400000900e00004003200090178000a007800b9
:1014100079ff0700188c44001807780050c2b30009
:101420009e4f10003f013a000e07e8000e0c7800b6
:1014300010003700cfb097000100a0000b0037006c
:10144000cfb097000110a00008003700cfb0970080
:101450000120a00005003700cfb097000130a000a8
:1014600002003700cfb097000140a000c1b79f0035
:10147000000ce8001800780090407800b2c2b30079
:1014800082cf5000f1ff320007003c0002c2b300df
:1014900082cf5000f0ff320032c2b30082cf500042
:1014a00007003a00efff3700d2c2b30082cf5000ee
:1014b000e0ff320002c3b30082cf5000e0ff3200f1
:1014c000a2c2b30082cf50000d003a00000ce80029
:1014d0001c80e900000e780010007800e0b79f0043
:1014e0000000e0000f003d00cfb097000100a20017
:1014f000c1b79f000000ea00e0b79f000900370075
:1015000039010700e0b79f0001003700000ce80038
:10151000180078009000fb000103b100e98f500033
:10152000faff36004fb097000008a3000200320017
:101530000010a100c0b79f0018007800e1c2b300fe
:1015400090cf100016003a008000eb00d1b79f004a
:101550000000e800000c7800a1c2b30090cf10009a
:1015600006003a00000ce8001c80e900000e78003c
:1015700010007800d0b79f00090037001a0107005b
:10158000d0b79f0001003700000ce8001800780079
:101590009000fb000103b100e98f5000faff360014
:1015a0000800780064ff0700804678001800780083
:1015b0001000fb004a01070091062000810f500037
:1015c0003800320012003c0041062000810f50001c
:1015d000340032000a003c0011062000810f500048
:1015e0002000320031062000810f5000a0003200a0
:1015f00051022000810f5000bc003a00b4003700b7
:1016000071062000810f5000b8003c0088003700b0
:1016100001072000810f50005c00320007003c00f1
:10162000e1062000810f50007a003200f106200010
:10163000810f5000ad003a003900370051072000fb
:10164000810f50002700320081072000810f5000d9
:101650004200320031072000810f5000a3003a0001
:101660008f0037008d80fb000c01780000fe2f00fa
:101670000f0040004d0107000000e000a80032000c
:1016800018007800000ce8009041780002fe2f005e
:101690000f014100f88057000a00780024ff07007e
:1016a0000e0037008d80fb008c01780012002000b6
:1016b00000fe2f000f00400043fe07000000e00086
:1016c00097003200180ce80002fe2f000f014100c5
:1016d000f88057000a0078005efc07008084440010
:1016e000900037008d80fb008c0178000001eb003a
:1016f00000fe2f000f00400033fe07000000e00056
:1017000087003200180ce80002fe2f000f01410094
:10171000f88057000a00780059fd0700efff3700f6
:101720008d80fb008c0178000001eb0000fe2f0093
:101730000f00400024fe07000000e00078003200a7
:10174000180ce80002fe2f000f014100f88057003e
:101750000a00780098fc0700e0ff37008d80fb004e
:101760008c0178000001eb0000fe2f000f0040000c
:1017700015fe07000000e000690032001800780044
:10178000000ce800904178001c0037008c017800c4
:101790000001eb00010f200000fe2f000f004000b1
:1017a00009fe07000000e0005d003200180ce800b0
:1017b0000fb097009fb097002fb19700bfb197006f
:1017c000e00f5000e08f5800e00f5900e08f590003
:1017d00009003a00cfb597006fb4970000b8210018
:1017e000a70007000b02780088017800000178004c
:1017f00001b821004700370083c7b30002fe2f0065
:101800000f014100f88057000a00780045fd0700ed
:10181000b2ff37000b8144008d80fb008c01780003
:1018200000fe2f000f0040003bfe07003c00370089
:101830008d80fb000c01780000fe2f000f0040009f
:10184000da0007000000e0003500320018007800e0
:10185000000ce8009041780002fe2f000f014100cb
:10186000f88057000a007800b1fe07009bff3700a0
:1018700000c8b30080cf560029003a00180ce800d9
:101880001c80e900000e780010407800e0df9f0027
:1018900013002000e2fd2f000f0141000800370077
:1018a00000c8b30080cf56001d003a00180ce800b5
:1018b0001c80e900000e78008001eb001001780028
:1018c000f88057000a00780070fc070083ff37009b
:1018d00000c8b30080cf560011003a00180ce80091
:1018e0004fb29700efb19700080037000e0c780058
:1018f0000000eb00c0b79f00e0b79f000080eb0046
:10190000d0b79f000002eb00840178001200200095
:1019100061b821000a0078004afe07006fff370017
:10192000180ce800090078004f0778004f06be0049
:101930004f05be004f04be006f01b100000006005d
:101940008200fa00889fbe008a1f78000005780098
:1019500082047800c13f9f000004eb0010003700b4
:101960000902780088017800a2f72f000f014100da
:1019700081f72f008f8040000a00780084fe070066
:1019800008004000880f500004003d00b004200013
:10199000f0dc88000084eb000400370000047800cd
:1019a0004f3897001004e000edff3a00080078007f
:1019b0004f0578004f04be000080fa0000000600ca
:1019c000800078001000200002022000828f50006a
:1019d00004003200e9805000e48f5000010036001e
:1019e0000000eb0000000600889fbe008a1f780000
:1019f000000578000a047800984478000805e8009b
:101a00000900fb00eeff07000000e000f9ff3a00cc
:101a1000b0c2b30080cf540005003200d0c2b30082
:101a20008000eb0080cf540005003a000200370030
:101a30008000eb0001003700110020000804e800de
:101a40000000eb00030037006a02b90002005200f8
:101a50000003b0003801fb0003fd2f00828141002c
:101a6000e98f5100f8ff36000100e00001003a0064
:101a70000000ea004f0578004f04be000000060099
:101a800080007800040037003104e00002003a00d2
:101a90000000510000000600010178000108a300c9
:101aa000f9ff3a008101780031017800f4ef2f004e
:101ab000020242000281ea000201620004082800da
:101ac00004016100f7ff3200830078000101780013
:101ad0003104e000fdff3a00000051000000060064
:101ae000f1fb2f0080804000f98f500001003e0084
:101af0000050a00000000600f9ff3700f1f92f00a8
:101b000080804000f98f500001003e00f005b200d7
:101b100000000600f9ff3700f28747008e1f7800ab
:101b200002027800030178000000e00002003200a9
:101b30000007780001003700728757008002eb0031
:101b40000100e000010032008102e90070805700ce
:101b5000060009000018eb000080eb0080bf9f002a
:101b60002310200093bf9f00aebf9f00b1bf9f0016
:101b7000c5bf9f000100e00003003d00b10420004c
:101b8000f1dc880006003700004feb00eebf9f003d
:101b9000debf9f008400780070805700220007009d
:101ba0004f0778002f01b10000000600881f780061
:101bb0000004780000082000808f500017003500d6
:101bc00010082000808f50000b00340030082000e7
:101bd000808f500011003a00920078006880500019
:101be000000978003002be002003be00049cbe0045
:101bf0000694be000700370092027800648052000d
:101c0000000978001000be0015000700009cbe000f
:101c10000294be0010002000010037000000eb001d
:101c20004f047800000006000200fa00881f7800c8
:101c300000047800e2bf9f0064815700080078002c
:101c40003fff0700980090000148a3000100320008
:101c50000080eb004f0478000080fa0000000600ce
:101c6000810378001d0007000001be006000b8007d
:101c70000478a30013003a006220e10015003e0042
:101c80000d0039008301d1000281d3008180d3008f
:101c90008301d1000281d3008180d3008301d10070
:101ca0000281d3008180d3000538b000c42add0052
:101cb000f300b2008381720007f0a70003f0a000d8
:101cc0000000060083ff2700020020006110b90019
:101cd000f9ff370003ff2700f7ff3700c70ade00d0
:101ce000f107b200f50fb20008003200e1cf420068
:101cf000020032000170a00024000500810f700076
:101d0000010032000408050044000500810f700046
:101d100002003a00140005008502e90000004000be
:101d200081c04800fcff3b000170a00024000500ba
:101d3000020ab900001bb9000200b800810042008d
:101d40008100430000000600889fbe008a9fbe00fd
:101d500030044200b0844a0030054b0090854b00af
:101d60006000b1000898be000a90be000440e10087
:101d700005c8e10006d0e10007d8e100020031000b
:101d8000680040001008e8004f05be004f04be0088
:101d900000000600889fbe008a9fbe003004be007f
:101da0002005be000418540005985c0006185d006c
:101db00007985d00110020000440e10005c8e10023
:101dc00006d0e10007d8e100010039008000eb00f7
:101dd000108810004f05be004f04be000000060032
:101de0001200fa00889fbe008a9fbe008c9fbe0032
:101df000e0b79f00f1b79f0082bf9f0093bf9f0095
:101e00000605be000404be000000eb00d0b79f0032
:101e1000c0b79f00b0b79f00a0b79f0090b79f00ca
:101e2000000678005fb19700cfb0970082014100b3
:101e30003fb097000200e00004003d0037000700bb
:101e40007e805700c0ff0700030037003300070003
:101e50007e805700cfff0700dfb697000d00e0003f
:101e60000c0035006fb29700ffb297000fbb9700d0
:101e70009fbb970010002000010020006011b800f7
:101e80000002720081827200020373008383730078
:101e90001b0007000c06e80001042000810f56001b
:101ea000e0ff3a000d00e00004003d000802be0023
:101eb0000a03be007e805700a3ff07005fa89700bb
:101ec0000000e00005003a001fb29700afb2970093
:101ed0003fb39700cfb39700090007006fb097009a
:101ee000ffb097000fb997009fb997004f06be004b
:101ef0004f05be004f04be000080fa00000006003f
:101f00000100070000000600a4b79f00b5b79f00be
:101f1000c6b79f00d7b79f00000006004f09de003c
:101f200082817100b3b79f004f01de0081804000c5
:101f300082807000a1b79f008fb097004f09de002c
:101f4000000040000200700090b79f007fa897003b
:101f50004f01de00818040008280700081b79f00c9
:101f60000d0007004f3ade00000040000400700042
:101f7000f0af9f00080007000402420085824a007b
:101f800006034b0087834b00dfff07000802be00fb
:101f90000a03be00000006002fb29700bfb29700f0
:101fa0004fb39700dfb3970000000600881f78004a
:101fb00018002000881f780089ff07008f87e9003c
:101fc0004f04780000000600801feb0084ff07002c
:101fd0008f87e90000000600889fbe008a9fbe0030
:101fe000e00f5000e08f5800e00f5900e08f5900db
:101ff0000c003d006044b8006055b800000054007b
:1020000081805c0002015d0083815d00180020007a
:102010001500070008003d00180007000004eb0051
:10202000050037000004eb000f00070002003d0030
:102030001200070018002000dcff07000800e00085
:10204000060032006022b8006033b8000000520081
:1020500081805a0002015b0083815b004f05be0056
:102060004f04be0000000600e00f5200e08f5a004f
:10207000e00f5b00e08f5b00000006006044b800ea
:102080006055b8000402540085825c0006035d00c0
:1020900087835d0000000600889fbe008a9fbe0007
:1020a0008c1f7800e00f5000e08f5800e00f5900bf
:1020b000e08f59000d003d006044b8006055b80045
:1020c0000000540081805c0002015d0083815d009e
:1020d0001c0020000820e10009a8e1000ab0e1008e
:1020e0000bb8e1000d003d00080037000006eb00d2
:1020f000e00f5200e08f5a00e00f5b00e08f5b00c2
:1021000006003d006044b8006055b8000402540069
:1021100085825c0006035d0087835d00aaff0700df
:102120000c00e000060032006022b8006033b80006
:102130000000520081805a0002015b0083815b0035
:102140004f0678004f05be004f04be000000060099
:020000040000fa
:10215000414c000054410000004f00004b000000c3
:102160005b5300005441000054550000535d0000d3
:1021700020250000732000007c200000543d00005a
:1021800025750000204300000d0a0000000a000031
:102190002d2d00002d2000004c450000495400006a
:1021a000555200004120000044450000205400002a
:1021b000454d0000504500005241000054550000bc
:1021c00052410000202d00002d2d00000d0a0000be
:1021d000002d00002d2d00002d2d00002d2d0000c4
:1021e0002d2d00002d2d00002d2d00002d2d000087
:1021f0002d2d00002d2d00002d2d00002d2d000077
:102200002d2d00002d2d00002d2d00002d0d000086
:102210000a0000000a4100004c410000524d00003d
:10222000453a000020540000656d00007065000014
:10223000726100007475000072610000206300008c
:1022400072690000746900006361000021200000d1
:102250005369000073740000656d00006120000088
:102260007061000072610000646f00002e0d0000bc
:102270000a0000005b570000415400004348000082
:10228000444f0000475d00002053000069730000c8
:10229000746500006d610000206100007469000039
:1022a000766f00002e0d00000a00000011110000e2
:1022b0002222000033330000444400005555000042
:1022c0006666000077770000888800009999000012
:1022d000aaaa0000bbbb0000cccc0000dddd0000e2
:1022e000eeee0000cecd0000acab0000416c000073
:1022f000617200006d000000436f00006e7400000a
:10230000726f00006c0000004144000043000000b8
:102310005541000052540000005700006174000055
:1023200063680000646f00006700000004000000a4
:10233000494400004c45000000000000546d0000be
:0c234000722000005376000063000000d3
:020000040000fa
:10234c001400fa0020079800310798004207980003
:10235c00530798006407980075079800060f9800bb
:10236c00170f98007e0090000000e00008003a0073
:10237c0011028000f0f12f00008060000050a000de
:10238c00100288000000000000000000ffff370072
:10239c000e0890000000e00008003a0011028000d6
:1023ac00f0f12f00008060000050a00010028800a7
:1023bc000000000000000000ffff37006003200059
:1023cc00100798009e00900060032000808f500042
:1023dc000800320011028000f0f12f000080600034
:1023ec000050a00010028800000000000000000057
:1023fc00ffff37001e0090000e0890000000e00068
:10240c00190032007e0090000000e000160032003f
:10241c008e089000010f7800620320008000eb0012
:10242c001e007800a4f807001e007800fe00900043
:10243c00410898001e00780021c0b300517098002c
:10244c008003eb001e0378009e0a90006e02900041
:10245c00de0190004e019000be0090002e00900016
:10246c0070000700020037000000eb00000f78003e
:10247c001e0078000080fa00000006001200fa002e
:10248c0020079800310798004207980053079800de
:10249c006407980075079800060f98000000eb0081
:1024ac00100798000e80e800800378000e0b900057
:1024bc00fe0290006e029000de0190004e01900032
:1024cc00be0090002e0090009dff0700000f7800ca
:1024dc001e0078000000e000020032001e007800b0
:1024ec00c40007001e0090000080fa0000000600e7
:1024fc000e00fa0010079800210798003207980088
:10250c004307980054079800650798006003200063
:10251c00a8270700000f78001e0078000000e000dc
:10252c0012003200620320008000eb001e007800d5
:10253c0061f807003e009000000040009d27070056
:10254c00800078001e007800410898001e0078007a
:10255c00400890000000e00004003a001e007800e3
:10256c00cb2707000000eb00000f78001e0078005e
:10257c000000e0000c0032001e0078008040eb00f0
:10258c00517098008003eb001e037800ee0290005f
:10259c005e029000ce0190003e019000ae009000d3
:1025ac001e0090001f0007001e0078000080fa003b
:1025bc00000006001000fa00200798003107980070
:1025cc004207980053079800640798007507980015
:1025dc00fe0290006e029000de0190004e01900011
:1025ec00be0090002e009000c1ff0700100798005d
:1025fc001e0090000000e000050032001e0090005c
:10260c007c00070010002000000f7800020037004b
:10261c000080eb00000f78001e0078000080fa00ac
:10262c00000006001400fa002007980031079800fb
:10263c0042079800530798006407980075079800a4
:10264c00060f9800170f98000e089000c008900015
:10265c00110798001e0090000000e8000000a10087
:10266c00100798001e009000610060000000e00060
:10267c000800320011028000f0f12f000080600091
:10268c000050a000100288000000000000000000b4
:10269c00ffff37000e089000c00890004e0090001d
:1026ac000000e90000004000808040000e0890000f
:1026bc00511098003e0090000000e000180032001d
:1026cc000000eb00000f78000d0037003e0090007a
:1026dc001e004000904078000e0890001e00400044
:1026ec007a004000014878003e0090001e00400037
:1026fc00104078000004e000050032001e0fe800d6
:10270c001e007800ef0f5000f0ff3600010037007c
:10271c00000000000e0890008040eb00116898004b
:10272c006e009000e40f500008003600110280008b
:10273c00f0f12f00008060000050a0001002880013
:10274c000000000000000000ffff37006e0090004a
:10275c00e40f500002003600400020006007980093
:10276c000e089000ee009000310898000e089000c2
:10277c00ee009000611098000e0890000080e800b8
:10278c00102607000e0890006c0040000d26070074
:10279c000e0890008e089000410098006e0090008a
:1027ac00e50010000e089000610098000e089000e3
:1027bc008e089000110898005e019000ae00900009
:1027cc001e0090003e250700800078000e08900047
:1027dc00010878007e0090000000e0000300320049
:1027ec007e0090008e089000010878000080fa00ae
:1027fc00000006000400fa0010079800b22507003c
:10280c00404080000000e80040408800004080000c
:10281c000000e00007003a009e0090000140880094
:10282c0040408000e10f50000d003a00bc0807004a
:10283c000b003700704080000000e00008003a00f8
:10284c0000408000b00890001e00900030089000fe
:10285c00808f500002003e009e00900001408800d6
:10286c00b04080000000e800b04088001e009000de
:10287c00b008900060408000808f5000030036004c
:10288c001e00900030089000604088001e009000f0
:10289c00300890006a00b90080007800a083210005
:1028ac000080400090009000010f78001e00900006
:1028bc009e007800210098001e007800a000900077
:1028cc001e009000310098001e007800200090003f
:1028dc009e0090008180e800110098001e0090007e
:1028ec008080e8001e007800210098001e009000f7
:1028fc00300890006a00b90080007800a0832100a5
:10290c00808040001e009000510098001e00900036
:10291c00300890006a00b90080007800a083210084
:10292c00008140001e009000300890006a00b90041
:10293c0080007800a0832100008040001000780007
:10294c000000e800000978006c250700704080004a
:10295c000000e0000900320000408000b008900048
:10296c001e00900030089000808f50000300310052
:10297c008663020000000000000000000080fa00e6
:10298c00000006000800fa00300798000000eb0079
:10299c00000f78004c2507003e0090000000e0007e
:1029ac0002003a0000408000010037003e00900019
:1029bc00100798001e0090000080e800d825070042
:1029cc001e009000200890000000e0000300320080
:1029dc001e0090006c004000d1250700b040800024
:1029ec000000e800b0408800004080009e0090008d
:1029fc000080680000f0a7000000ea000000e90079
:102a0c004f00de0020079800704080000000e000be
:102a1c000e0032002e0090000000e0000b0032008f
:102a2c001e0090000080e80080007800a088210043
:102a3c006b250700304080000000e8003040880023
:102a4c0010002000000f7800040037004040800088
:102a5c000000e90040408800860807002725070091
:102a6c001e007800e10f5000020032001e009000a2
:102a7c005f080700704080000000e0001200320088
:102a8c00004080009e009000808f50000e003a00a5
:102a9c00e04080000000e0000800320011028000dd
:102aac00f0f12f00008060000050a00010028800a0
:102abc000000000000000000ffff370086630200ea
:102acc0000000000000000000080fa00000006007a
:102adc000c00fa0040079800510798000000eb002a
:102aec00000f78004e0090000000e00008003a0053
:102afc0011028000f0f12f00008060000050a00057
:102b0c00100288000000000000000000ffff3700ea
:102b1c005e0090000000e00008003a001102800006
:102b2c00f0f12f00008060000050a000100288001f
:102b3c000000000000000000ffff37003203070018
:102b4c005140800011079800e0408000e10f5000d8
:102b5c000800320011028000f0f12f0000806000ac
:102b6c000050a000100288000000000000000000cf
:102b7c00ffff37004e009000900078005e00900040
:102b8c0000804000200798004e00900090007800d4
:102b9c001e009000808f50000c0036004e009000fc
:102bac00900078002e009000808f500012003600ac
:102bbc00ae0090001e009000808f50000e0036007a
:102bcc0010002000000f78000b0037004e00900022
:102bdc00900078002e009000808f500004003e0082
:102bec00ae0090001e009000808f50000200360056
:102bfc0010002000000f78004e009000ae009000f6
:102c0c00010878001e0078000000e000050032008a
:102c1c00ae0090001e009000008050008000eb0081
:102c2c001a0e0700fe020700300798003e009000c5
:102c3c000000e00003003a00866302000000000080
:102c4c00000000001e0078000080fa000000060062
:102c5c000400fa00100798000000eb00000f780049
:102c6c001e0090000000e00011003200e602070098
:102c7c00e0408000e10f500008003200110280009b
:102c8c00f0f12f00008060000050a00010028800be
:102c9c000000000000000000ffff37008000eb0088
:102cac001e009000f90d0700dd020700000f7800f0
:102cbc001e0078000000e00003003a00866302006a
:102ccc0000000000000000000080fa000000060078
:102cdc000600fa00200798007b2407002e009000c5
:102cec000000e00002003a000040800001003700c4
:102cfc002e009000000f78001e007800b0089000a5
:102d0c00110798007d2407001e0090000080fa0037
:102d1c00000006000800fa00300798000000eb00e5
:102d2c00000f78003e0090000000e00002003a0026
:102d3c0000408000010037003e0090001007980012
:102d4c001e009000b0089000210798002e00900003
:102d5c000080fa00000006000600fa002007980028
:102d6c00592407002e0090000000e00002003a00f9
:102d7c0000408000010037002e009000000f78000a
:102d8c001e007800e0109000110798005b240700eb
:102d9c001e0090000080fa00000006000800fa00f7
:102dac00300798000000eb00000f78003e00900008
:102dbc000000e00002003a000040800001003700f3
:102dcc003e009000100798001e009000e01090004c
:102ddc00210798002e0090000080fa0000000600e9
:102dec000e00fa0050079800610798000000eb00f5
:102dfc00000f78006e009000e40f500008003600c1
:102e0c0011028000f0f12f00008060000050a00043
:102e1c00100288000000000000000000ffff3700d7
:102e2c006e009000e40f50000200360040002000bd
:102e3c0060079800242407005e0090000000e0006a
:102e4c0002003a0000408000010037005e00900054
:102e5c00100798001e009000e010900021079800c9
:102e6c00ae0090006e009000808f50007b0032000e
:102e7c00ee0090002e009000808f50000c00360069
:102e8c00004080009e009000808f50000e003200a9
:102e9c0000408000b00890006e009000808f5000c1
:102eac000900310010002000000f780006003700e8
:102ebc00004080009e009000808f500002003a007d
:102ecc0010002000000f78001e009000b008900049
:102edc00310798001e009000e01090001e0090003a
:102eec0030089000808f5000050032001e009000ca
:102efc00b00890006e009000808f500003003100ed
:102f0c001e009000ee009000310898001e0090000a
:102f1c00ee009000611098001e0090006000900080
:102f2c000000e000040035006e009000e500100089
:102f3c001e009000610098001e009000500190004f
:102f4c003e0090006a00b90080007800a083210048
:102f5c0000804000800f51003a003a001e009000a3
:102f6c000080e8006e2407001e009000b00890005e
:102f7c0060408000808f5000030036001e009000df
:102f8c0030089000604088001e00900030089000cf
:102f9c006a00b90080007800a08321000080400006
:102fac0090009000410798001e009000ce00900009
:102fbc00210098004e009000a00090001e00900090
:102fcc00310098004e009000200090009e00900070
:102fdc008180e800110098001e0090008080e800bd
:102fec004e009000210098001e00900030089000c8
:102ffc006a00b90080007800a08321008080400026
:10300c001e009000510098001e00900030089000a7
:10301c006a00b90080007800a08321000081400084
:10302c001e009000300890006a00b9008000780003
:10303c00a083210000804000100078000000e80010
:10304c00000978001e0078000000e0000300320048
:10305c00866302000000000000000000a7230700a8
:10306c000080fa00000006000800fa003007980003
:10307c00952307003e0090000000e00002003a009b
:10308c0000408000010037003e00900010079800bf
:10309c001e0090000080e800212407001e00900014
:1030ac00200890000000e000030032001e00900099
:1030bc006c0040001a2407001e0090000080e800fd
:1030cc008000780040892100c52307000000eb0038
:1030dc00000f78000c0037009e0090004203200087
:1030ec001e00410061407800e14f500005003a009d
:1030fc001e0090001e0040004003b0008040eb001a
:10310c00014878001e0fe8001e0078000000e00067
:10311c00f1ff340079230700704080000000e000cc
:10312c000300320068230700d20607007323070050
:10313c00004080009e009000808f50001b003a00e1
:10314c00704080000000e0000f003200e040800082
:10315c000000e0000800320011028000f0f12f00a6
:10316c00008060000050a0001002880000000000e9
:10317c0000000000ffff3700866302000000000023
:10318c000000000009003700a1c48000210798004e
:10319c0040408000ae009000808f500002003a004a
:1031ac000028ef0001003700c50307000080fa007b
:1031bc00000006000800fa00300798000000eb0041
:1031cc00000f7800be009000210798003e00900090
:1031dc000000e00008003a0011028000f0f12f001e
:1031ec00008060000050a000100288000000000069
:1031fc0000000000ffff37002e009000d000900070
:10320c0040892100808f50001d003a002e00900054
:10321c00a008900000882100808f50001800320018
:10322c002e009000200890000000e00014003a00ee
:10323c0010002000000f78000000eb001007980031
:10324c000c003700ae0090001e0090004003b00050
:10325c0061407800e14f500003003a000000eb00a1
:10326c00000f7800060037001e0090000000e800f8
:10327c00100798001e0090000000e000f1ff3400e1
:10328c001e0078000080fa00000006000600fa001c
:10329c0020079800ae009000010f78002e009000df
:1032ac000000e00008003a0011028000f0f12f004d
:1032bc00008060000050a000100288000000000098
:1032cc0000000000ffff3700004080009e007800e7
:1032dc00808f5000490032001e0078000000e00092
:1032ec0046003200f82207001e007800b1ff0700ec
:1032fc000000e000400032001e80e8008823070038
:10330c001e007800b008900060408000808f500054
:10331c00030036001e0078003008900060408800e2
:10332c001e007800300890006a00b9008000780018
:10333c00a0832100008040009000900011079800ad
:10334c001e0078009e009000210098001e00900046
:10335c00a00090001e007800310098001e00900024
:10336c00200090009e80e800110098009e80e800ec
:10337c001e009000210098001e007800300890007c
:10338c006a00b90080007800a08321008080400092
:10339c001e007800510098001e0078003008900044
:1033ac006a00b90080007800a083210000814000f1
:1033bc001e007800300890006a00b9008000780088
:1033cc00a083210000804000100078000000e8007d
:1033dc000009780000408000b00890001e007800c2
:1033ec0030089000808f500003003100866302008b
:1033fc000000000000000000c02207000080fa005e
:10340c00000006000a00fa00400798000000eb00dc
:10341c00000f7800ce009000110798004e0090002d
:10342c000000e00008003a0011028000f0f12f00cb
:10343c00008060000050a000100288000000000016
:10344c0000000000ffff37000000eb002007980091
:10345c001e00900057ff07000000e0004d003200f6
:10346c00e04080000000e00045003a001e009000a3
:10347c00b00890000040800030089000808f500011
:10348c000400360010002000000f7800100020000f
:10349c00904088001e0090000080e8002023070068
:1034ac001e009000b008900060408000808f50009b
:1034bc00030036001e009000300890006040880029
:1034cc001e009000300890006a00b900800078005f
:1034dc00a0832100008040009000900031079800ec
:1034ec001e009000be009000210098003e0090004d
:1034fc00a00090001e009000310098003e0090004b
:10350c00200090009e0090008180e800110098003f
:10351c001e0090008080e8003e0090002100980082
:10352c001e009000300890006a00b90080007800fe
:10353c00a0832100808040001e0090005100980064
:10354c001e009000300890006a00b90080007800de
:10355c00a0832100008140001e00900030089000e4
:10356c006a00b90080007800a08321000080400030
:10357c00100078000000e800000978000500370012
:10358c001e0090006c004000800078000088210034
:10359c00932207001e0078000080fa00000006004d
:1035ac001e00fa0010002000000f78000000eb0055
:1035bc00300798000000eb0020079800110037003e
:1035cc00811929002e009000008040009040780066
:1035dc00680147002e00900000004100014878006f
:1035ec00e80047002e00900000804000104078005a
:1035fc000004e000070032002e0090000000e800fc
:10360c00200798002e009000ef0f5000ecff3400c4
:10361c0001003700000000000000eb0010079800cc
:10362c002e003700e0572200300798000000eb0016
:10363c00400f98000000eb00500f98007c014700f1
:10364c00fa00470078004700d70b0700ce0990001e
:10365c005e099000ee0890006800470003037800b4
:10366c00820278000002eb008001eb00010178007f
:10367c00800078003e00900080fb070080007800fe
:10368c001e00900000014000a081200000004100bd
:10369c00010878001e00900080004000a0812000ee
:1036ac0000804000100078000000e00003003200b1
:1036bc0010002000000f7800020037000000eb0023
:1036cc00000f78001e0078000000e00007003200b8
:1036dc001e0090000000e800100798001e009000eb
:1036ec000000e000cfff34000100370000000000b4
:1036fc001e0078000080fa00000006000200fa00ac
:10370c00a7ff0700000f78001e007800e10f5000a3
:10371c0002003a00621a0700000f78001e007800c1
:10372c00e10f50000e003a0011028000f0f12f0062
:10373c00008060000050a000100288000000000013
:10374c00000000000080eb00c0408800100020004a
:10375c00704088000a28ef00a12107000b003700f9
:10376c001e007800e10f400008003a0011028000b2
:10377c00f0f12f00008060000050a00010028800c3
:10378c000000000000000000ffff3700b08c840038
:10379c000080fa00000006000200fa00551b07002a
:1037ac0078fc07000000eb00000f780007003700e2
:1037bc001e00780080004000a081200000804000a6
:1037cc00100078006ffc07001e0fe8001e00780048
:1037dc000000e000f6ff3400ef0407001102800047
:1037ec00f0f12f00008060000050a0001002880053
:1037fc0000000000000000000e28ef008f210700e1
:10380c000080fa00000006000000fa00e040800092
:10381c000000e800e04088000080fa00000006008c
:10382c000e00fa000000eb00000f78000000eb0027
:10383c0010079800a42107000000eb003007980047
:10384c00e04080000000e00008003a001102800017
:10385c00f0f12f00008060000050a00010028800e2
:10386c000000000000000000ffff3700e040800077
:10387c000000e900e0408800e04080000000e0002b
:10388c00ae003a00404080000000e000ab00320087
:10389c008100370030c4800030009000000f7800a9
:1038ac001e007800a0089000410798001e007800c8
:1038bc00700090009e007800810890002100980014
:1038cc001e007800000890009e007800f100900027
:1038dc00110098004e009000900090001e0178009e
:1038ec006c004100808f500004003a001e007800ec
:1038fc00800890004e009000110098001e00780087
:10390c008000eb00210898004e0090001000780019
:10391c008000e9004e009000010878001e0078003d
:10392c00d0009000510798001e00780020009000f5
:10393c009e007800b1009000210098001e007800d5
:10394c00300090009e007800a100900011009800bb
:10395c005e009000900090001e80e800808f500068
:10396c0004003a001e007800b00090005e00900049
:10397c00110098001e0078008000eb0051009800a8
:10398c005e009000100078008000e9005e0090005e
:10399c00010878001e007800b0089000604080009c
:1039ac00808f5000030036001e0078003008900015
:1039bc00604088001e007800300890006a00b90052
:1039cc0080007800a083210000804000100190004e
:1039dc00620798001e007800ee009000210098000d
:1039ec006e009000a00090001e007800310098003e
:1039fc006e009000200090009e80e800110098005e
:103a0c009e80e8006e009000210098001e00780057
:103a1c00300890006a00b90080007800a083210073
:103a2c00808040001e007800510098001e00780035
:103a3c00300890006a00b90080007800a083210053
:103a4c00008140001e007800300890006a00b90028
:103a5c0080007800a08321000080400010007800d6
:103a6c000000e800000978001e007800b008900003
:103a7c000040800030089000808f50000600360017
:103a8c003e0090008000400020812000008040001b
:103a9c00110020000108780000c480000000e00044
:103aac007cff3a001e0078000000e00001003200ac
:103abc007004070082408000220798002e009000be
:103acc000000e00010003200a50007000000e0003c
:103adc00060032003e009000800040002081200053
:103aec000080400011002000010878002e0090009a
:103afc000000e900200798002e0090000000e00074
:103b0c00f1ff3a001028ef003e00900080004000ca
:103b1c002081200000804000100078000000e000b0
:103b2c0006003200100020001007980000408000b2
:103b3c00866302000000000000000000ef20070078
:103b4c001e0090000080fa00000006000200fa003f
:103b5c0051408000010f78001e0078000080fa00b0
:103b6c00000006000400fa000000eb00000f7800d3
:103b7c0051408000110798001e0090000080fa0050
:103b8c00000006000000fa00404080000080fa00af
:103b9c00000006000400fa00100798001e009000b8
:103bac000000e00002003a000040800001003700f5
:103bbc001e009000000f78001e0078000000e0004e
:103bcc0008003a0011028000f0f12f000080600024
:103bdc000050a0001002880000000000000000004f
:103bec00ffff37009e0078007a8040000080fa00ca
:103bfc00000006000a00fa00200798003107980020
:103c0c00420798003e0090000000e00008003a00d7
:103c1c0011028000f0f12f00008060000050a00025
:103c2c00100288000000000000000000ffff3700b9
:103c3c004e0090000000e00008003a0011028000e5
:103c4c00f0f12f00008060000050a00010028800ee
:103c5c000000000000000000ffff37002e00900065
:103c6c000000e00002003a00004080000100370034
:103c7c002e009000100798001e00900050709000cd
:103c8c00e24f50000a003a001e009000c00890005d
:103c9c003e009000010878009e0090004e009000bd
:103cac000108780010002000000f78001000370089
:103cbc001e00900050709000e14f50000a003a0036
:103ccc001e009000c00890003e0090000108780093
:103cdc004e0090008000eb000108780010002000de
:103cec00000f7800020037000000eb00000f780096
:103cfc001e0078000080fa00000006000400fa00a4
:103d0c0010079800e04080000000e000080032003e
:103d1c0011028000f0f12f00008060000050a00024
:103d2c00100288000000000000000000ffff3700b8
:103d3c00b5fe070064200700814080001e00900043
:103d4c0000804000804088006c200700b4fe070013
:103d5c00000f78001e0078000080fa0000000600ba
:103d6c001000fa000000eb00000f7800e04080002b
:103d7c000000e000cc003a00504080000000e80059
:103d8c00100798009e009000514088001e00900083
:103d9c000000e00016003a0010408000100078008f
:103dac000000e0000800320011028000f0f12f004a
:103dbc00008060000050a00010028800000000008d
:103dcc0000000000ffff3700114080002107980021
:103ddc002040800010408800ae00900021408800f8
:103dec00a04080000000e800a0408800a10307006c
:103dfc00c04080009e009000808f500099003900d8
:103e0c000100370000000000104080001000780016
:103e1c000000e00003003a000080eb00c040880086
:103e2c00900037001040800030009000300090006f
:103e3c00300798003e0090009000900041079800d9
:103e4c009e0090004e009000808f500003003100c7
:103e5c00ce009000c1408800820037003e009000e8
:103e6c00d0009000510798003e0090002000900078
:103e7c00be009000b1009000210098003e00900020
:103e8c0030009000be009000a1009000110098003e
:103e9c005e009000900090003e0090000080e800d2
:103eac00808f500004003a003e009000b00090005b
:103ebc005e009000110098003e0090008000eb0026
:103ecc00510098005e009000100078008000e9001e
:103edc005e009000010878003e00900020089000e1
:103eec000000e0001f0032003e009000a00890008f
:103efc00610798003e00900070009000be0090009a
:103f0c0081089000210098003e009000000890006d
:103f1c00be009000f1009000110098006e0090001f
:103f2c00900090003e0090006c004000808f50008c
:103f3c0004003a003e009000800890006e00900053
:103f4c00110098003e0090008000eb0021089800c2
:103f5c006e009000100078008000e9006e00900068
:103f6c00010878003e009000b0089000604080008e
:103f7c00808f5000030036003e0090003008900007
:103f8c00604088003e009000300890006a00b90044
:103f9c0080007800a08321000080400090009000f9
:103fac00710798003e009000fe00900021009800e0
:103fbc007e009000a00090003e0090003100980020
:103fcc007e00900020009000be0090008180e800f0
:103fdc00110098003e0090008080e8007e00900068
:103fec00210098003e009000300890006a00b90053
:103ffc0080007800a0832100808040003e0090006b
:10400c00510098003e009000300890006a00b90002
:10401c0080007800a0832100008140003e009000c9
:10402c00300890006a00b90080007800a08321005d
:10403c0000804000100078000000e80000097800c3
:10404c003e009000b00890000040800030089000c6
:10405c00808f50006bff360010002000000f78009e
:10406c0069ff370000408000300890006a00b900fa
:10407c0080007800a08321000080400010007800b0
:10408c00e10f50000200360010002000000f7800f5
:10409c00904080000000e00006003200100020007c
:1040ac00000f780003003700804080000000e8001b
:1040bc00804088001e0078000080fa000000060096
:1040cc000400fa00e04080000000e0000300320031
:1040dc001000200090408800340037001228ef00b8
:1040ec0061408000010f78000c0037001e00780042
:1040fc000000e00008003a0011028000f0f12f00ef
:10410c00008060000050a000100288000000000039
:10411c0000000000ffff37001e0fe9001e007800b2
:10412c006a00b90080007800a08321000080400064
:10413c00100078000000e000ecff32001e00780058
:10414c006a00b90080007800a08321000080400044
:10415c00100798001e009000100090009000900036
:10416c001e009000110098001e009000900090001e
:10417c001e00900064004000808f500004003a0044
:10418c001e009000b00090001e00900011009800de
:10419c001e0090001000900030009000004088003d
:1041ac009e00780061408800004080000080fa008a
:1041bc00000006000400fa00000f780011079800b8
:1041cc001e0078000000e00008003a001102800098
:1041dc00f0f12f00008060000050a0001002880059
:1041ec000000000000000000ffff370000408000ce
:1041fc006c004000800078001e007800961f0700bd
:10420c00110020001e009000a00807000080fa009a
:10421c00000006000800fa0010079800210798001b
:10422c00320798001e0090000000e00008003a00e1
:10423c0011028000f0f12f00008060000050a000ff
:10424c00100288000000000000000000ffff370093
:10425c00e04080000000e00008003a0011028000fd
:10426c00f0f12f00008060000050a00010028800c8
:10427c000000000000000000ffff3700004080003d
:10428c00ae00900001f0a000610098001e009000ac
:10429c0090009000010f7800004080009e00780094
:1042ac0071009800004080009e007800a1009000f2
:1042bc00010898001e00780020009000014080004a
:1042cc00ec8040001100980000408000ec004000a1
:1042dc001e00780021009800004080009e00900095
:1042ec00210898001e009000100078008000e80063
:1042fc001e00900001087800110020003e00900084
:10430c00620807000080fa00000006000800fa00ae
:10431c001007980021079800320798001e009000a3
:10432c000000e00008003a0011028000f0f12f00bc
:10433c00008060000050a000100288000000000007
:10434c0000000000ffff37001e009000900090005e
:10435c00010f7800004080009e00780071009800ea
:10436c00004080009e007800a10090000108980099
:10437c001e0078002000900001408000ec8040007e
:10438c001100980000408000ec0040001e007800f6
:10439c0021009800004080009e00900021089800a9
:1043ac001e009000100078008000e8001e009000b5
:1043bc00010878003e0090000000e000020032008e
:1043cc000080eb0020079800be0090002e009000ab
:1043dc002e0807000080fa00000006000e00fa000c
:1043ec00600798006e009000300090003000900044
:1043fc00100798001e0090000000e00008003a0032
:10440c0011028000f0f12f00008060000050a0002d
:10441c00100288000000000000000000ffff3700c1
:10442c001e009000a0089000210798001e0090002c
:10443c00700090009e009000810890002100980070
:10444c001e009000000890009e009000f10090006b
:10445c00110098002e009000900090001e0090001b
:10446c006c004000808f500004003a001e00900049
:10447c00800890002e009000110098001e00900003
:10448c008000eb00210898002e00900010007800ae
:10449c008000e9002e00900001087800e0408000c8
:1044ac000000e00057003a001e009000d000900081
:1044bc00310798001e009000200090009e00900094
:1044cc00b1009000210098001e0090003000900078
:1044dc009e009000a1009000110098003e009000fa
:1044ec00900090001e0090000080e800808f50002b
:1044fc0004003a001e009000b00090003e009000b6
:10450c00110098001e0090008000eb0051009800f4
:10451c003e009000100078008000e9003e00900002
:10452c00010878001e009000b008900060408000e8
:10453c00808f5000030036001e0090003008900061
:10454c00604088001e009000300890006a00b9009e
:10455c0080007800a0832100008040009000900033
:10456c00410798001e009000ce009000210098009a
:10457c004e009000a00090001e00900031009800aa
:10458c004e009000200090009e0090008180e8007a
:10459c00110098001e0090008080e8004e009000f2
:1045ac00210098001e009000300890006a00b900ad
:1045bc0080007800a0832100808040001e009000c5
:1045cc00510098001e009000300890006a00b9005d
:1045dc0080007800a0832100008140001e00900024
:1045ec00300890006a00b90080007800a083210098
:1045fc0000804000100078000000e80000097800fe
:10460c001800370011c48000510798001e0090005c
:10461c00de009000710098005e009000a0009000f9
:10462c001e009000010898005e0090002000900091
:10463c009e009000ec804000110098001e0090003d
:10464c00ec0040005e009000210098001e009000dd
:10465c00018821002108980000c480000000e800b7
:10466c0000c488001e009000b0089000004080003c
:10467c0030089000808f500005003600100020009c
:10468c00000f7800100020009040880002003700d6
:10469c000000eb00000f78001e0078000080fa008c
:1046ac00000006000c00fa00400798005107980023
:1046bc00e04080000000e00008003a001102800099
:1046cc00f0f12f00008060000050a0001002880064
:1046dc000000000000000000ffff37005e009000ab
:1046ec008000780001f0a0004e00900001087800d6
:1046fc004e00900030009000000f78001e007800f3
:10470c000000e00008003a0011028000f0f12f00d8
:10471c00008060000050a000100288000000000023
:10472c0000000000ffff37004e009000c00090001a
:10473c00110798004e00900010009000ce009000e1
:10474c00a1009000210098004e00900020009000e5
:10475c00ce00900091009000110098001e00900077
:10476c00900090004e009000808f500004003a00a2
:10477c004e009000a00090001e00900011009800c8
:10478c004e0090008000eb00410098001e0090004d
:10479c00100078008000e9001e00900001087800ed
:1047ac001e007800d0009000210798001e007800b1
:1047bc00200090009e007800b1009000210098002d
:1047cc001e007800300090009e007800a100900040
:1047dc00110098002e009000900090001e80e800c0
:1047ec00808f500004003a001e007800b00090004a
:1047fc002e009000110098001e0078008000eb0045
:10480c00510098002e009000100078008000e90004
:10481c002e009000010878001e007800b00890006f
:10482c0060408000808f5000030036001e0078002e
:10483c0030089000604088001e007800300890001e
:10484c006a00b90080007800a0832100008040003d
:10485c0090009000310798001e007800be00900078
:10486c00210098003e009000a00090001e007800ef
:10487c00310098003e009000200090009e80e800df
:10488c00110098009e80e8003e00900021009800e6
:10489c001e007800300890006a00b9008000780093
:1048ac00a0832100808040001e00780051009800f9
:1048bc001e007800300890006a00b9008000780073
:1048cc00a0832100008140001e0078003008900079
:1048dc006a00b90080007800a083210000804000ad
:1048ec00100078000000e800000978001e00780035
:1048fc00b00890000040800030089000808f50007d
:10490c000200360010002000904088000080fa0061
:10491c00000006000200fa00000f78001e0078006c
:10492c000000e00008003a0011028000f0f12f00b6
:10493c00008060000050a000100288000000000001
:10494c0000000000ffff37005f1d0700a140800042
:10495c001e00780001087800514080001e0078008d
:10496c0011009800651d07000080fa000000060089
:10497c000200fa00000f7800a14080001e007800b1
:10498c0001087800514080001e007800110098004a
:10499c000080fa00000006000a00fa0030079800b8
:1049ac00410798003e0090000000e00008003a002b
:1049bc0011028000f0f12f00008060000050a00078
:1049cc00100288000000000000000000ffff37000c
:1049dc004e0090000000e00008003a001102800038
:1049ec00f0f12f00008060000050a0001002880041
:1049fc000000000000000000ffff3700321d070020
:104a0c0051408000110798003e009000100090006b
:104a1c009e00900000805000200798004e009000ef
:104a2c0010007800e10f400003003a000000eb009a
:104a3c00000f7800250037003e00900090007800b1
:104a4c00a0408000808f50000b0032003e00900090
:104a5c00900090001e009000808f500006003e00d9
:104a6c0010002000000f78004e0090008000eb003a
:104a7c0001087800150037004e0090009000780077
:104a8c002e009000808f50000b0036004e009000de
:104a9c00900078002e009000808050004e00900016
:104aac00010878003e009000b1ff07000000eb0009
:104abc00000f7800050037004e0090008000eb00de
:104acc000108780010002000000f78000b1d070073
:104adc001e0078000080fa00000006000000fa00ba
:104aec0010002000904088000080fa0000000600b2
:104afc000200fa00000f78000100370000000000ef
:104b0c0025000700d0c18000e10f5000fbff3600ec
:104b1c00866302000000000000000000f8ff370070
:104b2c000200fa000000eb00000f780007003700cd
:104b3c001e0078006a00b90080007800a083210074
:104b4c0000804000061d07001e0fe8001e007800c4
:104b5c00e40f5000f6ff3600c0862100001d070050
:104b6c0060872100fe1c070000882100fc1c070048
:104b7c00a0882100fa1c070040892100f81c0700be
:104b8c00c0862100104088006087210020408800ea
:104b9c000080fa00000006000200fa000f00370047
:104bac00c91c070080c4800030009000000f780002
:104bbc001e80e8005a1d0700404080000000e900fc
:104bcc0040408800304080000000e9003040880000
:104bdc00ca1c07001e00780005000700304080004a
:104bec000000e000eeff3a000080fa000000060032
:104bfc000200fa00000f78001e0078005070900040
:104c0c000004e00006003a001e0078004008900006
:104c1c001f1e07001e0078001d1e07001300370022
:104c2c001e00780050709000e14f500003003a00d5
:104c3c001e007800161e07000c0037001e007800be
:104c4c0050709000e24f50000800320011028000ba
:104c5c00f0f12f00008060000050a00010028800ce
:104c6c000000000000000000ffff37000080fa0089
:104c7c00000006000000fa001040800010007800d0
:104c8c000000e00003003a000080eb00c040880008
:104c9c0004003700104080003000900010007800b5
:104cac00c04088000080fa00000006000200fa00f4
:104cbc0001408000010f78001e0078000080fa008f
:104ccc00000006000400fa00100798000000eb003a
:104cdc00000f78001e0090000000e00002003a0077
:104cec0001408000010f78001e0078000080fa005f
:104cfc00000006000200fa00704080000000e00096
:104d0c0003003a0010002000000f78000800370064
:104d1c00e04080000000e00003003a00200020008a
:104d2c00000f7800020037000000eb00000f780045
:104d3c001e0078000080fa00000006000800fa004f
:104d4c0030079800be009000110798000000eb009f
:104d5c00000f78003e0090000000e0006700320079
:104d6c001e009000b00890000040800030089000b9
:104d7c00808f5000590031001e00900060009000a0
:104d8c000000e00005003500004080003008900075
:104d9c00e50010001e009000610098001e009000bd
:104dac00500190001e009000300890006a00b9007d
:104dbc0080007800a083210000804000800f51000b
:104dcc003f003a001e0090000080e800d41c070051
:104ddc0000408000b00890001e0090003108980040
:104dec001e009000b008900060408000808f500042
:104dfc00030036001e0090003008900060408800d0
:104e0c001e009000300890006a00b9008000780005
:104e1c00a0832100008040009000900021079800a2
:104e2c001e009000ae009000210098002e00900013
:104e3c00a00090001e009000310098002e00900001
:104e4c00200090009e0090008180e80011009800e6
:104e5c001e0090008080e8002e0090002100980039
:104e6c001e009000300890006a00b90080007800a5
:104e7c00a0832100808040001e009000510098000b
:104e8c001e009000300890006a00b9008000780085
:104e9c00a0832100008140001e009000300890008b
:104eac006a00b90080007800a083210000804000d7
:104ebc00100078000000e8000009780004003700ba
:104ecc0000408000b00890001e009000310898004f
:104edc0010002000000f7800080037001e00900022
:104eec00e01090000040800030089000808f50004f
:104efc000200310010002000000f78001e00780026
:104f0c000080fa00000006000800fa003007980044
:104f1c00be009000110798000000eb00000f780015
:104f2c003e0090000000e0006c0032000040800069
:104f3c009e009000808f500008003200110280000b
:104f4c00f0f12f00008060000050a00010028800db
:104f5c000000000000000000ffff37001e00900062
:104f6c00701090000000e00008003a001102800070
:104f7c00f0f12f00008060000050a00010028800ab
:104f8c000000000000000000ffff37001e00900032
:104f9c00701090008000e9001e00900071109800c5
:104fac001e009000b00890001e0090006010900051
:104fbc00808f5000490032001e009000701090004d
:104fcc000000e00045003a001e0090000080e80060
:104fdc00531c07001e009000e01090001e00900073
:104fec00310898001e00900030089000e500100079
:104ffc001e009000610098001e009000b008900008
:10500c0060408000808f5000030036001e0090002e
:10501c0030089000604088001e009000300890001e
:10502c006a00b90080007800a08321000080400055
:10503c0090009000210798001e009000ae00900098
:10504c00210098002e009000a00090001e009000ff
:10505c00310098002e009000200090009e009000df
:10506c008180e800110098001e0090008080e8000c
:10507c002e009000210098001e0090003008900037
:10508c006a00b90080007800a08321008080400075
:10509c001e009000510098001e00900030089000f7
:1050ac006a00b90080007800a083210000814000d4
:1050bc001e009000300890006a00b9008000780053
:1050cc00a083210000804000100078000000e80060
:1050dc000009780010002000000f78001e007800f6
:1050ec000080fa00000006000e00fa00500798003d
:1050fc0061079800de009000110798001000200056
:10510c00200798005e0090000000e0007d00320057
:10511c001e009000701090000000e00008003a00a3
:10512c0011028000f0f12f00008060000050a00000
:10513c00100288000000000000000000ffff370094
:10514c001e009000e01090006e009000808f5000c8
:10515c00030031006e019000020f7800030037004d
:10516c001e009000e0109000010f78001e009000cf
:10517c00300890009e0f5000620032001e0090001c
:10518c00f01090002e009000808f50005d003a00cf
:10519c00004080009e009000808f500008003a0074
:1051ac0011028000f0f12f00008060000050a00080
:1051bc00100288000000000000000000ffff370014
:1051cc001e00900030099000320798001e009000dd
:1051dc009e007800310898001e009000600090003e
:1051ec000000e00004003500520020009e00510039
:1051fc001e009000610098001e009000500190006d
:10520c003e0090006a00b90080007800a083210065
:10521c0000804000800f51003a003a001e009000c0
:10522c000080e800be1b07001e009000b008900034
:10523c0060408000808f5000030036001e009000fc
:10524c0030089000604088001e00900030089000ec
:10525c006a00b90080007800a08321000080400023
:10526c0090009000410798001e0090004e019000a5
:10527c00220098004e009000a00090001e009000ac
:10528c00310098004e009000200090009e0090008d
:10529c008180e800110098001e0090008080e800da
:1052ac004e009000210098001e00900030089000e5
:1052bc006a00b90080007800a08321008080400043
:1052cc001e009000510098001e00900030089000c5
:1052dc006a00b90080007800a083210000814000a2
:1052ec001e009000300890006a00b9008000780021
:1052fc00a083210000804000100078000000e8002e
:10530c00000978000080fa00000006000200fa0094
:10531c0000408000e0009000010f78000040800009
:10532c0001408000b1089000e580100061009800f9
:10533c001e0078000080fa00000006000200fa004f
:10534c0001408000010f78001e0078000000e00092
:10535c00050032001e007800701090008000e800fc
:10536c001e007800711098001e0078000080fa0072
:10537c00000006000e00fa00400798005107980044
:10538c00620798000000eb00000f78004e009000c0
:10539c000000e0000800320011028000f0f12f0044
:1053ac00008060000050a000100288000000000087
:1053bc0000000000ffff370013f90700c21a0700b6
:1053cc00014080004e0090006c0040004200dd0067
:1053dc00008040001000be00e00f5000e08f58002d
:1053ec000b003a00014080004e009000008040000d
:1053fc004003b00011c0b300014878006e0090006b
:10540c000000e0000200320010002000000f7800c5
:10541c00ba1a07001e007800e10f500003003a0092
:10542c00110020006e00900018040700fcf8070023
:10543c00100798001e007800e10f500006003a009b
:10544c001e0090000000e00003003a00866302009a
:10545c0000000000000000009b1a070001408000c3
:10546c004e0090006c0040004200dd0000804000c7
:10547c001001be0022079800330798002e00900000
:10548c00be009000e00f5000e08f58001500320075
:10549c005e0090000000e000080032000140800037
:1054ac004e0090006c0040004200dd000081400086
:1054bc006000b8000089be000a003700034080007d
:1054cc002e009000be00900061005000e08058005b
:1054dc004e0190006c0141004211dd00028141003f
:1054ec000089be00014080004e009000008040000a
:1054fc004003b0008040eb00014878007f1a0700a1
:10550c002e009000be0090000080fa000000060003
:10551c001400fa00889fbe008a9fbe0030079800d6
:10552c004207980053079800640798007507980085
:10553c00010f9800160f98000000eb001007980060
:10554c003e0090000000e0000800320011028000d4
:10555c00f0f12f00008060000050a00010028800c5
:10556c000000000000000000ffff3700a6f8070055
:10557c00551a0700014080003e0090004003b00027
:10558c0061407800e24f500023003200044080005c
:10559c003e0090006c0040004200dd000000420024
:1055ac001001be004e009000de0090000080ea006a
:1055bc008180ea0082027800030178008001780083
:1055cc008100780003806200810061008105780011
:1055dc00000578000a00be003e0190006c014100fd
:1055ec004211dd00020142000089be000140800032
:1055fc003e009000008040004003b00011c0b3009a
:10560c00014878001e0890000000e0000200320003
:10561c001000200010079800381a07001e00900098
:10562c00e10f500003003a00110020001e0890000a
:10563c00960307007af80700200798001e009000d8
:10564c00e10f500006003a002e0090000000e00030
:10565c0003003a0086630200000000000000000016
:10566c00191a07000e0890000000e0000800320034
:10567c00014080003e0090006c0040004200dd00c4
:10568c00008040001000be000e0990000089be0092
:10569c00014080003e0090004003b0006140780063
:1056ac00e24f5000030032000000eb00000f7800c6
:1056bc001a003700044080003e0090006c0040004f
:1056cc004200dd00000042001001be006e009000a0
:1056dc00fe0090000080ea008180ea0082027800df
:1056ec00030178008001780081007800038062005b
:1056fc008100610081047800000478000800be007d
:10570c003e0190006c0141004211dd00020142009b
:10571c000089be0010002000000f780001408000be
:10572c003e009000008040004003b0008040eb0041
:10573c0001487800f11907001e0078004f05be00e3
:10574c004f04be000080fa00000006001600fa00ac
:10575c00500798006107980072079800030f980093
:10576c00140f9800250f980010002000000f7800ef
:10577c006e0090000000e000080032001102800072
:10578c00f0f12f00008060000050a0001002880093
:10579c000000000000000000ffff37005e009000da
:1057ac000000e00008003a0011028000f0f12f0028
:1057bc00008060000050a000100288000000000073
:1057cc0000000000ffff3700de009000110798007a
:1057dc00bd1907002e0890000000e0000800320000
:1057ec009e0090006e0090006c0040004200dd00b6
:1057fc00008040001000be002e0990000089be0001
:10580c009e0090006e0090004003b0006141780053
:10581c00424798009e0090006e009000008040006f
:10582c004003b00021c0b300014878001e0890006e
:10583c00e20f50001d003200e20f500005003e0048
:10584c000000e0004b003200e10f50000600320077
:10585c003d003700e30f500023003200e40f5000ee
:10586c002a003200380037009e0090006e00900035
:10587c006c0040004200dd00008040001001be00c2
:10588c007e0090008e0890000000710081807100f5
:10589c009e0190006e0190006c0141004211dd00f0
:1058ac00028141000089be00350037009e00900047
:1058bc006e0090006c0040004200dd000080400053
:1058cc001000be0061004000e08048009e01900086
:1058dc006e0190006c0141004211dd00028141001b
:1058ec000089be00260037009e0090006e009000dc
:1058fc006c0040004200dd00008040007e01900002
:10590c008e0990000288be001d0037004e409000aa
:10591c00e24f5000090032009e0090006e00900093
:10592c006c0040004200dd00008040007e019000d1
:10593c008e0990000288be00110037000000eb00b9
:10594c00000f78000e003700504080000000e0008f
:10595c000a00320011028000f0f12f00008060007c
:10596c000050a000100288000000000000000000a1
:10597c00ffff3700000000000100370000000000ae
:10598c004e409000e14f50006b003a001e0090001a
:10599c00d0019000330798001e009000200090006a
:1059ac009e009000b1009000210098001e00900015
:1059bc00300090009e009000a10090001100980013
:1059cc003e009000900090001e0090000080e800c7
:1059dc00808f500004003a001e009000b000900030
:1059ec003e009000110098001e0090008000eb001b
:1059fc00510098003e009000100078008000e900f3
:105a0c003e009000010878001e009000b008900045
:105a1c0060408000808f5000030036001e00900014
:105a2c0030089000604088001e0090003008900004
:105a3c006a00b90080007800a0832100008040003b
:105a4c0090009000410798001e0090004e019000bd
:105a5c00220098004e009000a00090001e009000c4
:105a6c00310098004e009000200090009e009000a5
:105a7c008180e800110098001e0090008080e800f2
:105a8c004e009000210098001e00900030089000fd
:105a9c006a00b90080007800a0832100808040005b
:105aac001e009000510098001e00900030089000dd
:105abc006a00b90080007800a083210000814000ba
:105acc001e009000300890006a00b9008000780039
:105adc00a083210000804000100078000000e80046
:105aec00000978001e009000200890000000e000e3
:105afc000800320011028000f0f12f0000806000dd
:105b0c000050a000100288000000000000000000ff
:105b1c00ffff370000408000b00890001e0090008e
:105b2c0030089000808f5000030031008663020023
:105b3c000000000000000000f01807001e007800b4
:105b4c000080fa00000006001c00fa0070079800a4
:105b5c00010f9800120f9800230f9800340f980033
:105b6c00450f9800560f980010002000000f780089
:105b7c007e0090000000e00008003a001102800056
:105b8c00f0f12f00008060000050a000100288008f
:105b9c000000000000000000ffff37000e0890001e
:105bac000000e0000800320011028000f0f12f002c
:105bbc00008060000050a00010028800000000006f
:105bcc0000000000ffff3700fe0090001107980056
:105bdc000000eb00200798004e0890000000e00049
:105bec00080032009e0090000e0890006c004000ef
:105bfc004200dd00008040001000be004e09900005
:105c0c000089be009e0090000e0890004003b0007a
:105c1c0061417800624798009e0090000e08900049
:105c2c00008040004003b00021c0b3000148780060
:105c3c003e089000e20f50001d003200e20f5000b1
:105c4c0005003e000000e0004b003200e10f500068
:105c5c00060032003d003700e30f500023003200f5
:105c6c00e40f50002a003200380037009e009000ec
:105c7c000e0890006c0040004200dd0000804000e7
:105c8c001001be001e089000ae08900000007100cc
:105c9c00818071009e0190000e0990006c01410002
:105cac004211dd00028141000089be003500370041
:105cbc009e0090000e0890006c0040004200dd0039
:105ccc00008040001000be0061004000e0804800f1
:105cdc009e0190000e0990006c0141004211dd0004
:105cec00028141000089be00260037009e00900012
:105cfc000e0890006c0040004200dd000080400067
:105d0c001e099000ae0990000288be001d003700ed
:105d1c006e409000e24f5000090032009e0090004f
:105d2c000e0890006c0040004200dd000080400036
:105d3c001e099000ae0990000288be0011003700c9
:105d4c000000eb00000f78000e0037005040800080
:105d5c000000e0000a00320011028000f0f12f0078
:105d6c00008060000050a0001002880000000000bd
:105d7c0000000000ffff37000000000001003700aa
:105d8c00000000006e409000e14f50008c003a0083
:105d9c001e009000200890000000e0000800320077
:105dac0011028000f0f12f00008060000050a00074
:105dbc00100288000000000000000000ffff370008
:105dcc00e04080000000e00057003a001e00900008
:105ddc00d0019000430798001e0090002000900016
:105dec009e009000b1009000210098001e009000d1
:105dfc00300090009e009000a100900011009800cf
:105e0c004e009000900090001e0090000080e80072
:105e1c00808f500004003a001e009000b0009000eb
:105e2c004e009000110098001e0090008000eb00c6
:105e3c00510098004e009000100078008000e9009e
:105e4c004e009000010878001e009000b0089000f1
:105e5c0060408000808f5000030036001e009000d0
:105e6c0030089000604088001e00900030089000c0
:105e7c006a00b90080007800a083210000804000f7
:105e8c0090009000510798001e0090005e01900059
:105e9c00220098005e009000a00090001e00900070
:105eac00310098005e009000200090009e00900051
:105ebc008180e800110098001e0090008080e800ae
:105ecc005e009000210098001e00900030089000a9
:105edc006a00b90080007800a08321008080400017
:105eec001e009000510098001e0090003008900099
:105efc006a00b90080007800a08321000081400076
:105f0c001e009000300890006a00b90080007800f4
:105f1c00a083210000804000100078000000e80001
:105f2c00000978001800370013c48000630798003c
:105f3c001e009000ee009000710098006e00900022
:105f4c00a00090001e009000010898006e009000c8
:105f5c00200090009e009000ec8040001100980002
:105f6c001e009000ec0040006e0090002100980094
:105f7c001e009000018821002108980000c48000b8
:105f8c000000e80000c488001e009000b0089000db
:105f9c000040800030089000808f500008003600d0
:105fac005e0890000000e000030032005e089000e4
:105fbc00110020000108780010002000904088009b
:105fcc001e0078000080fa00000006001200fa00a3
:105fdc006007980071079800020f98006e009000ff
:105fec000000e00008003a0011028000f0f12f00e0
:105ffc00008060000050a00010028800000000002b
:10600c0000000000ffff37007e0090000000e00061
:10601c000800320011028000f0f12f0000806000b7
:10602c000050a000100288000000000000000000da
:10603c00ffff3700ee009000010f78000000eb002e
:10604c00100798009e0078007e0090004003b0007e
:10605c0061417800424798009e0078007e009000d5
:10606c00008040004003b00021c0b300014878001c
:10607c009e0078007e0090006c0040004200dd0025
:10608c00008040001000be0061004000e08048002d
:10609c009e0178007e0190006c0141004211dd00f0
:1060ac00028141000089be004e409000e14f50003b
:1060bc0089003a001e007800200890000000e000e3
:1060cc000800320011028000f0f12f000080600007
:1060dc000050a0001002880000000000000000002a
:1060ec00ffff3700e04080000000e00054003a0061
:1060fc001e007800d0009000310798001e00780038
:10610c00200090009e007800b100900021009800c3
:10611c001e007800300090009e007800a1009000d6
:10612c00110098003e009000900090001e80e80046
:10613c00808f500004003a001e007800b0009000e0
:10614c003e009000110098001e0078008000eb00cb
:10615c00510098003e009000100078008000e9008b
:10616c003e009000010878001e007800b0089000f6
:10617c0060408000808f5000030036001e007800c5
:10618c0030089000604088001e00780030089000b5
:10619c006a00b90080007800a083210000804000d4
:1061ac0010019000420798001e007800ce0090006d
:1061bc00210098004e009000a00090001e00780076
:1061cc00310098004e009000200090009e80e80066
:1061dc00110098009e80e8004e009000210098006d
:1061ec001e007800300890006a00b900800078002a
:1061fc00a0832100808040001e0078005100980090
:10620c001e007800300890006a00b9008000780009
:10621c00a0832100008140001e007800300890000f
:10622c006a00b90080007800a08321000080400043
:10623c00100078000000e800000978001800370012
:10624c0012c48000520798001e007800de009000f7
:10625c00710098005e009000a00090001e00780075
:10626c00010898005e009000200090001e0178004c
:10627c00ec004100110098001e017800ec00410078
:10628c005e009000210098001e007800018821001b
:10629c002108980000c480000000e80000c48800b9
:1062ac001e007800b008900000408000300890007c
:1062bc00808f5000080036000e0890000000e000af
:1062cc00030032000e089000110020000108780035
:1062dc0010002000904088000080fa0000000600aa
:1062ec000800fa0020079800310798003e00900043
:1062fc000000e0000800320011028000f0f12f00d5
:10630c00008060000050a000100288000000000017
:10631c0000000000ffff37002e0090000000e0009e
:10632c0002003a0000408000010037002e0090006f
:10633c0010079800e41607009e0090003e009000a5
:10634c004003b00061407800e24f500009003a0071
:10635c009e0090003e009000008040004003b00082
:10636c008040eb000148780010002000000f7800fe
:10637c00020037000000eb00000f7800df1607006a
:10638c001e0078000080fa00000006000e00fa00e3
:10639c00889fbe003007980041079800520798006c
:1063ac00630798004e0090000000e00008003200e7
:1063bc0011028000f0f12f00008060000050a0005e
:1063cc00100288000000000000000000ffff3700f2
:1063dc003e0090000000e00002003a000040800007
:1063ec00010037003e009000000f7800b616070041
:1063fc009e0078004e0090006c0040004200dd00d2
:10640c00008040001001be0012079800230798007e
:10641c009e0078004e0090006c0040004200dd00b1
:10642c00008040001001be005e009000ee00900065
:10643c000080ea008180ea00020278000301780003
:10644c008001780081007800030062008100610007
:10645c0081047800000478000800be009e017800da
:10646c004e0190006c0141004211dd00028141009f
:10647c000089be00a11607001e009000ae0090001f
:10648c004f04be000080fa00000006000e00fa0067
:10649c00500798006107980051408000010f780068
:1064ac0011408000110798002140800021079800be
:1064bc00004080000080e800191707005e00900083
:1064cc00e10f40001c003a006e0090000000e0005c
:1064dc0019003200b1c480003107980000408000e0
:1064ec00be0090002100980000408000be0090008b
:1064fc00a1009000310098003e0090002000900018
:10650c00014080008180e80011009800004080006c
:10651c008080e8003e009000210098000040800040
:10652c004189210051009800a0c480000000e800bf
:10653c00a0c488001a0037005e0090001e004000c6
:10654c004007980000408000ce0090001100980099
:10655c004e0090009e0f500006003100004080005d
:10656c000080e800800078002e009000ba1607002a
:10657c000b003700004080000080e80080007800ad
:10658c001e009000b4160700c0408000ce009000a2
:10659c00808f500002003100ce009000c140880076
:1065ac000080fa00000006000600fa00000f7800d8
:1065bc0011079800220798001e007800419d2100c9
:1065cc00010878001e009000a1a0210001087800ad
:1065dc002e00900001082000010878000080fa00cd
:1065ec00000006000600fa00000f78001107980062
:1065fc00220798001e007800e1892100010878002c
:10660c001e009000418d2100010878002e009000a2
:10661c0001082000010878000080fa000000060044
:10662c000200fa000028ef000628ef000828ef000f
:10663c000a28ef000c28ef000e28ef001028ef00be
:10664c000000eb00000f7800070037001e007800f8
:10665c008000400020812000008040008000eb0082
:10666c00010878001e0fe8001e0078000000e00012
:10667c00f6ff34001428ef001628ef001828ef005e
:10668c001c28ef000080fa00000006000800fa0049
:10669c00200798003107980010002000000f7800a8
:1066ac00ae009000110798001e0090000000e00062
:1066bc0008003a0011028000f0f12f000080600009
:1066cc000050a00010028800000000000000000034
:1066dc00ffff37001e0090000000e0004c0032006d
:1066ec001e009000700890000000e000480032008e
:1066fc001e009000700890008080eb000001780074
:10670c00110009008280d800800078001e009000e3
:10671c0000109000808f50003d003900ea150700f2
:10672c001e009000100178001e009000f0089000f0
:10673c001e009000001090000088b9000000780046
:10674c00800041001e009000210098001e00900067
:10675c008000eb00610898001e009000900078000b
:10676c001e009000110098001e009000100178008f
:10677c001e009000700890008000e9001e00900040
:10678c00001090000088b9000000780080004100e3
:10679c001e009000310098001e00900080c0eb009d
:1067ac00216098001e00900080c0eb0031609800c2
:1067bc003e0090000000e0000d003a001e0090002a
:1067cc00400090000000e0000f0032001e0090001e
:1067dc006800400001f707000000e0000a003200ea
:1067ec008663020000000000000000000600370075
:1067fc001e00900068004000d91507001e00900094
:10680c0072004000d6150700bc15070002003700c7
:10681c000000eb00000f78001e0078000000e00084
:10682c0008003a0011028000f0f12f000080600097
:10683c000050a000100288000000000000000000c2
:10684c00ffff37001e0078000080fa0000000600f1
:10685c000e00fa00200798003107980042079800b4
:10686c0053079800444f98000000eb00000f78008d
:10687c005e0090000000e00008003a001102800069
:10688c00f0f12f00008060000050a0001002880082
:10689c000000000000000000ffff37002e009000f9
:1068ac000000e0002a0032005e0090000000e000d2
:1068bc00270032004e0090000000e0000300320080
:1068cc003e0090000000e000210032004e009000dd
:1068dc000000e00003003a003e0090000000e000e1
:1068ec001b003a0060022000100798009e009000e8
:1068fc0060022000808f50000800320011028000de
:10690c00f0f12f00008060000050a0001002880001
:10691c000000000000000000ffff37001e00900088
:10692c00de009000010f78001e00780011c0b3004b
:10693c00416098001e027800ce4990004e019000f4
:10694c00be0090002e009000840007000b00370062
:10695c001e0078000000e00008003a0011028000e0
:10696c00f0f12f00008060000050a00010028800a1
:10697c000000000000000000ffff37001e00780040
:10698c000080fa00000006000a00fa0020079800b8
:10699c003107980042079800ae009000110798004c
:1069ac001e0090000000e00008003a001102800078
:1069bc00f0f12f00008060000050a0001002880051
:1069cc000000000000000000ffff37004e009000a8
:1069dc000000e00008003a0011028000f0f12f00e6
:1069ec00008060000050a000100288000000000031
:1069fc0000000000ffff37001e0090004060900078
:106a0c00e14f50000e003a003e0090000000e00004
:106a1c00050032001e009000100078008000780005
:106a2c003e009000010878009e0090004e009000ff
:106a3c000108780010002000000f780002003700d9
:106a4c000000eb00000f78001e0078000080fa00b8
:106a5c00000006000c00fa0030079800410798006f
:106a6c00224f98000000eb00000f78003e009000d1
:106a7c000000e0002b0032008080eb003e00900014
:106a8c0000017800110009008280d8008000780095
:106a9c004e009000808f500022003900be00900004
:106aac004e0090000088b9008000780090fd2f0007
:106abc00808f50001b003e00be0090004e009000e6
:106acc000088b90000007800100798001e009000a4
:106adc006002b00037160700000f78001e00780027
:106aec000000e0001a0032009e0078002107980098
:106afc002e0090006002b000200798001e00780065
:106b0c008040eb00416098001e027800ae49900076
:106b1c002e019000ce0090003e0090000f00070068
:106b2c000b0037001e0078000000e00008003a005f
:106b3c0011028000f0f12f00008060000050a000d6
:106b4c00100288000000000000000000ffff37006a
:106b5c001e0078000080fa00000006000a00fa000f
:106b6c00000f7800110798002207980063479800df
:106b7c00440798001e0090000000e00004003a005a
:106b8c00ce0090004e009000010878000300370002
:106b9c00ae0090004e009000010878004e0090006e
:106bac009e007800710898004e0090009e009000a6
:106bbc0001109800110020004e009000b3fe070059
:106bcc000080fa00000006000200fa00000f7800b6
:106bdc001e0078000000e0000e0032001e0078005d
:106bec008000eb00210098001e0078008000eb0074
:106bfc00010878001e0078008000eb00310098003e
:106c0c008001eb000001eb008000eb001e0078001f
:106c1c00ce0007000080fa00000006000800fa0011
:106c2c006047980010002000000f78000000eb0077
:106c3c00100798006e4190009e0090001e00780096
:106c4c0084ff0700200798002e009000deff07004d
:106c5c002e0090000080fa00000006000a00fa00e6
:106c6c00604798004107980010002000000f780042
:106c7c000000eb00100798006e429000ce019000cf
:106c8c000001eb009e0090001e007800f0fe070053
:106c9c00200798002e009000cbff07002e009000dc
:106cac000080fa00000006000600fa00881f780039
:106cbc0020079800ae009000110798001e0090006d
:106ccc000000e00008003a0011028000f0f12f00f3
:106cdc00008060000050a00010028800000000003e
:106cec0000000000ffff37001e0090002004900001
:106cfc00eef70700800f540011003a001e009000c0
:106d0c00300090008000e9001e00900031009800d7
:106d1c001e009000300090000000e00005003a00da
:106d2c008001eb000001eb008000eb001e009000e6
:106d3c008600070010002000000f780002003700ca
:106d4c000000eb00000f78001e0078004f04780064
:106d5c000080fa00000006000800fa00881f780086
:106d6c002007980031079800ae009000110798009a
:106d7c001e0090000000e00008003a0011028000a4
:106d8c00f0f12f00008060000050a000100288007d
:106d9c000000000000000000ffff37001e00900004
:106dac0020049000c1f70700800f540008003a003f
:106dbc001e009000300090008000e8001e00900043
:106dcc003100980010002000000f78000c003700f4
:106ddc00be0090001e009000a4020700000f780077
:106dec001e0078000000e000050032001e0090003c
:106dfc00300090008000e8001e00900031009800e8
:106e0c001e0078004f0478000080fa000000060095
:106e1c000800fa0010079800210798003207980024
:106e2c000000eb00000f78001e0090000000e00056
:106e3c0012003200ae0090001e009000808f5000b7
:106e4c000e003e0024c0b300be0190000001eb0018
:106e5c008000eb001e0090007dfe0700000f780004
:106e6c001e0078000000e0000f0032001e007800c9
:106e7c00ae009000610898000b0037001e007800ef
:106e8c000000e00008003a0011028000f0f12f0031
:106e9c00008060000050a00010028800000000007c
:106eac0000000000ffff37001e0078000080fa0091
:106ebc00000006000600fa00100798002107980051
:106ecc000000eb00000f78001e0090000000e000b6
:106edc0010003200ae0090001e009000808f500019
:106eec000c003e0022c0b3008000eb001e0090009e
:106efc00d8fe0700000f78001e0078000000e000ac
:106f0c000f0032001e007800ae009000610898005f
:106f1c000b0037001e0078000000e00008003a006b
:106f2c0011028000f0f12f00008060000050a000e2
:106f3c00100288000000000000000000ffff370076
:106f4c001e0078000080fa00000006001200fa0013
:106f5c00500798006107980072079800030f98007b
:106f6c000000eb00000f7800de0090001107980085
:106f7c001e0090000000e00008003a0011028000a2
:106f8c00f0f12f00008060000050a000100288007b
:106f9c000000000000000000ffff37006e009000b2
:106fac000000e00004003a001e0090000010900069
:106fbc000000e00002003a00100020000100370041
:106fcc000000eb000000e00008003a001102800015
:106fdc00f0f12f00008060000050a000100288002b
:106fec000000000000000000ffff37000e089000ba
:106ffc00e20f500004003a001e0090007008900050
:10700c00e10f500002003a00100020000100370090
:10701c000000eb000000e00008003a0011028000c4
:10702c00f0f12f00008060000050a00010028800da
:10703c000000000000000000ffff37002df70700e4
:10704c000000e00003003a007e0090000000e00029
:10705c0002003a0010002000010037000000eb0095
:10706c000000e00009003a0011028000f0f12f004e
:10707c00008060000050a00010028800000000009a
:10708c0000000000ffff3700000000008e13070017
:10709c001e009000e00890001e0090007008900008
:1070ac00808f5000030039000e089000e20f500052
:1070bc001b003a000e099000ee0090001e0090009c
:1070cc0061040700200798001e0090001008900033
:1070dc000000e000090032001e0090007200400029
:1070ec00bef407000000e0000a00320086630200d4
:1070fc000000000000000000060037002e00900089
:10710c000000e00003003200866302000000000073
:10711c000000000079130700100020003d0037002c
:10712c007e0090000000e00003003a00731307009b
:10713c000000eb00370037001e0078000000e00074
:10714c0004003a006600470009f607001000200012
:10715c00000f780069130700abf107005a13070002
:10716c001e00900020609000e14f400003003a00a8
:10717c001e0090008040eb00216098001e009000e3
:10718c0030609000e14f400003003a001e00900078
:10719c008040eb003160980058130700ee00470068
:1071ac0066004700fcf507000000e00015003a00ff
:1071bc001e0090000b0507000000e0000d003200df
:1071cc00fe0090001e00900068004000f9f30700dc
:1071dc001e009000a004070091f107000000e000e1
:1071ec00a9ff3a00866302000000000000000000c6
:1071fc00a6ff37001e0090009704070088f10700d7
:10720c00a2ff37001e0090009304070084f10700d2
:10721c000000eb000080fa00000006001400fa00e9
:10722c006007980071079800020f9800130f9800e0
:10723c00ee009000110798001e0090000000e00086
:10724c0008003a0011028000f0f12f00008060006d
:10725c000050a00010028800000000000000000098
:10726c00ffff37007e0090000000e00004003a00b1
:10727c001e009000001090000000e00002003a0098
:10728c0010002000010037000000eb000000e000bf
:10729c0008003a0011028000f0f12f00008060001d
:1072ac000050a00010028800000000000000000048
:1072bc00ffff37001e089000e20f500004003a0058
:1072cc001e00900070089000e10f500002003a0080
:1072dc0010002000010037000000eb000000e0006f
:1072ec0008003a0011028000f0f12f0000806000cd
:1072fc000050a000100288000000000000000000f8
:10730c00ffff37000000eb00200798001e009000e4
:10731c00e00890001e00900070089000808f5000d4
:10732c00030039001e089000e20f500038003a00ac
:10733c001e009000b0609000614798001e00900005
:10734c00e0089000410798001e099000fe00900094
:10735c001e009000bc0307006e409000e14f4000ff
:10736c0010003a001e009000100890000000e00091
:10737c00240032001e0090007200400017f4070039
:10738c000000e0001f0032000e0890000000e0003a
:10739c001c0032000e08900011002000010878003b
:1073ac0018003700f7f10700500798006e40900066
:1073bc008000fb005e009000808f500011003100b7
:1073cc00ee409000f0c7b30080cf500008003a00a8
:1073dc0011028000f0f12f00008060000050a0002e
:1073ec00100288000000000000000000ffff3700c2
:1073fc006e4090000040e800804078001e00900035
:10740c003160980010002000000f78000200370057
:10741c000000eb00000f78001e0078000080fa00de
:10742c00000006001000fa00600798007107980031
:10743c00ee009000110798001e0090000000e00084
:10744c0008003a0011028000f0f12f00008060006b
:10745c000050a00010028800000000000000000096
:10746c00ffff37001e009000001090000000e000ad
:10747c000800320011028000f0f12f000080600043
:10748c000050a00010028800000000000000000066
:10749c00ffff37001e009000100078000000e00095
:1074ac0004003a001e009000200090000000e00054
:1074bc0002003a0010002000010037000000eb0031
:1074cc000000e00008003a0011028000f0f12f00eb
:1074dc00008060000050a000100288000000000036
:1074ec0000000000ffff37000000eb0020079800b1
:1074fc001e009000e0089000310798001e009000dc
:10750c00f00890003e009000808f5000350036004f
:10751c001e009000b0609000014f98003e0090005b
:10752c008000e8001e009000610898000e48900052
:10753c00e14f400010003a001e009000100890002f
:10754c000000e000240032001e0090007200400099
:10755c00a2f307000000e0001f0032007e00900044
:10756c000000e0001c0032007e00900011002000a2
:10757c00010878001800370082f1070050079800c6
:10758c000e4890008000fb005e009000808f500041
:10759c00110031008e489000f0c7b30080cf50002e
:1075ac0008003a0011028000f0f12f00008060000a
:1075bc000050a00010028800000000000000000035
:1075cc00ffff37000e4890000040e8008040780034
:1075dc001e0090003160980010002000000f780011
:1075ec00020037000000eb00000f78001e0078004e
:1075fc000080fa00000006001000fa005007980006
:10760c0061079800720798000000eb00000f7800eb
:10761c00de009000110798001e0090000000e000b2
:10762c0008003a0011028000f0f12f000080600089
:10763c000050a000100288000000000000000000b4
:10764c00ffff37006e0090000000e00004003a00dd
:10765c001e009000001090000000e00002003a00b4
:10766c0010002000010037000000eb000000e000db
:10767c0008003a0011028000f0f12f000080600039
:10768c000050a00010028800000000000000000064
:10769c00ffff370097f507000000e00003003a00f9
:1076ac007e0090000000e00002003a001000200074
:1076bc00010037000000eb000000e0000b003a0076
:1076cc0011028000f0f12f00008060000050a0003b
:1076dc00100288000000000000000000ffff3700cf
:1076ec00000000000100370000000000f611070048
:1076fc001e009000e0089000210798002e009000da
:10770c000000e00016003200ee0090001e00900019
:10771c002f0307002e0090008000e9001e0090004f
:10772c00610898001e009000400090000000e000ee
:10773c00080032001e0090006800400027f307008c
:10774c000000e0000300320086630200000000002d
:10775c0000000000e9110700100020004100370074
:10776c007e0090000000e00003003a00e3110700e7
:10777c000000eb003b0037001e0078000000e0002a
:10778c0004003a006600470079f40700100020005e
:10779c00000f7800d91107001bf00700ca11070071
:1077ac001e00900020609000e14f400003003a0062
:1077bc001e0090008040eb00216098001e0090009d
:1077cc0030609000e14f400003003a001e00900032
:1077dc008040eb0031609800c8110700ee004700b4
:1077ec00660047006cf407000000e00015003a004a
:1077fc001e009000500307000000e0000d00320056
:10780c00fe0090001e0090007200400069f207001c
:10781c001e0090001003070001f007000000e000bc
:10782c00afff3a0086630200000000000000000079
:10783c00aeff37001e00900007030700f8ef0700ab
:10784c00aaff37001e00900003030700f4ef0700a7
:10785c001e009000380307000000e000a2ff320079
:10786c000000eb000080fa00000006001200fa0095
:10787c0070079800010f98000000eb00000f7800d3
:10788c00fe009000210798000000eb001007980004
:10789c002e0090000000e00008003a001102800069
:1078ac00f0f12f00008060000050a0001002880052
:1078bc000000000000000000ffff37002e009000c9
:1078cc00001090000000e00008003200110280005f
:1078dc00f0f12f00008060000050a0001002880022
:1078ec000000000000000000ffff370001f507005a
:1078fc000000e00003003a000e0890000000e000d9
:10790c0002003a0010002000010037000000eb00dc
:10791c000000e0000b003a0011028000f0f12f0093
:10792c00008060000050a0001002880000000000e1
:10793c0000000000ffff37000000000001003700ce
:10794c0000000000601107002e009000e00890007d
:10795c00310798003e0090000000e0001a00320051
:10796c003e0090008000e9002e0090006108980015
:10797c002e009000100078000000e00003003a0098
:10798c006ef60700ae009000a00098002e0090004c
:10799c00400090000000e000080032002e00900033
:1079ac00680040008df207000000e0000300320088
:1079bc008663020000000000000000004f11070069
:1079cc0010002000570037000e0890000000e00067
:1079dc0003003a00491107000000eb00510037008a
:1079ec001e0078000000e00004003a006a00470026
:1079fc00dff3070010002000000f78003f11070094
:107a0c0081ef0700301107002e00900020609000dd
:107a1c00e14f400003003a002e0090008040eb0044
:107a2c00216098002e00900030609000e14f4000e3
:107a3c0003003a002e0090008040eb00316098006b
:107a4c002e110700f00047006a004700d2f3070030
:107a5c000000e0001f003a002e009000b602070064
:107a6c000000e000170032002e009000100078009b
:107a7c000000e00006003a00131107002e009000f1
:107a8c0020009000adf40700100798001b110700b0
:107a9c008e0890002e00900072004000c5f1070087
:107aac002e0090006c0207005def07000000e00064
:107abc00a1ff3a00866302000000000000000000f5
:107acc00a0ff37002e0090006302070054ef070060
:107adc009cff37002e0090005f02070050ef07005c
:107aec002e009000940207000000e00094ff32008a
:107afc001e0090000000e00009003200f2100700a8
:107b0c002e009000c0010700400798002e00900046
:107b1c0020009000ce00900073f50700f7100700ce
:107b2c000000eb000080fa00000006001200fa00d2
:107b3c006007980071079800020f98000000eb0096
:107b4c00000f7800ee009000110798001e009000c6
:107b5c000000e00008003a0011028000f0f12f0054
:107b6c00008060000050a00010028800000000009f
:107b7c0000000000ffff37007e0090000000e000d6
:107b8c0004003a001e009000001090000000e0007d
:107b9c0002003a0010002000010037000000eb004a
:107bac000000e00008003a0011028000f0f12f0004
:107bbc00008060000050a00010028800000000004f
:107bcc0000000000ffff37004af407000000e0004f
:107bdc0003003a000e0890000000e00002003a009a
:107bec0010002000010037000000eb000000e00056
:107bfc000b003a0011028000f0f12f0000806000b1
:107c0c000050a000100288000000000000000000de
:107c1c00ffff3700000000000100370000000000eb
:107c2c00a91007001e009000e008900021079800a2
:107c3c002e0090000000e000180032001e009000a2
:107c4c00b000900031079800fe0090001e009000dc
:107c5c00df0107001e009000be009000310098006c
:107c6c001e009000100890000000e0000800320098
:107c7c001e00900072004000d8f107000000e000e8
:107c8c0003003200866302000000000000000000c8
:107c9c009a10070010002000410037000e089000d9
:107cac000000e00003003a00941007000000eb0015
:107cbc003b0037001e0078000000e00004003a0092
:107ccc00680047002af3070010002000000f78001e
:107cdc008a100700ccee07007b1007001e009000f6
:107cec0020609000e14f400003003a001e0090001d
:107cfc008040eb00216098001e00900030609000e6
:107d0c00e14f400003003a001e0090008040eb0061
:107d1c003160980079100700f000470068004700b8
:107d2c001df307000000e00015003a001e00900053
:107d3c00010207000000e0000d0032008e089000e8
:107d4c001e009000720040001af107001e00900007
:107d5c00c1010700b2ee07000000e000adff3a00e1
:107d6c00866302000000000000000000acff37003a
:107d7c001e009000b8010700a9ee0700a8ff37000d
:107d8c001e009000b4010700a5ee07001e00900035
:107d9c00e90107000000e000a0ff32000000eb004a
:107dac000080fa00000006001200fa00600798003c
:107dbc0071079800020f9800ee00900011079800d0
:107dcc001e0090000000e00008003a001102800044
:107ddc00f0f12f00008060000050a000100288001d
:107dec000000000000000000ffff37007e00900044
:107dfc000000e00004003a001e009000001090000b
:107e0c000000e00002003a001000200001003700e2
:107e1c000000eb000000e00008003a0011028000b6
:107e2c00f0f12f00008060000050a00010028800cc
:107e3c000000000000000000ffff37000000eb0016
:107e4c00200798001e009000e00890003107980071
:107e5c003e0090000000e000380032001e00900050
:107e6c00a0609000014f9800fe0090001e00900052
:107e7c00570107003e0090008000e9001e009000b2
:107e8c00610898000e489000e14f400010003a0045
:107e9c001e009000400090000000e0002400320022
:107eac001e009000680040004cf107000000e0004c
:107ebc001f0032000e0890000000e0001c00320091
:107ecc000e089000110020000108780018003700ff
:107edc002cef0700500798000e4890008000fb0024
:107eec005e009000808f5000110031008e48900091
:107efc00f0c7b30080cf500008003a001102800098
:107f0c00f0f12f00008060000050a00010028800eb
:107f1c000000000000000000ffff37000e4890003a
:107f2c000040e800804078001e009000216098001e
:107f3c0010002000000f7800020037000000eb005a
:107f4c00000f78001e0078000080fa000000060088
:107f5c000c00fa004007980051079800ce009000e2
:107f6c00110798001e0090000000e00008003a0085
:107f7c0011028000f0f12f00008060000050a00082
:107f8c00100288000000000000000000ffff370016
:107f9c005e0090000000e00004003a001e0090001b
:107fac00001090000000e00002003a0010002000d9
:107fbc00010037000000eb000000e00008003a0070
:107fcc0011028000f0f12f00008060000050a00032
:107fdc00100288000000000000000000ffff3700c6
:107fec001e009000001090000000e00008003a0015
:107ffc0011028000f0f12f00008060000050a00002
:10800c00100288000000000000000000ffff370095
:10801c000000eb00200798001e0090006008900004
:10802c000000e0000c0032001e009000b000900038
:10803c0031079800de0090001e009000e40007005d
:10804c001e009000be00900031009800100020002f
:10805c00000f7800020037000000eb00000f7800e2
:10806c001e0078000080fa00000006000400fa00f0
:10807c00100798001e0090000000e00008003a0075
:10808c0011028000f0f12f00008060000050a00071
:10809c00100288000000000000000000ffff370005
:1080ac00890f07001e009000e0089000010f780077
:1080bc00920f07001e0078000080fa0000000600f6
:1080cc000600fa0020079800ae009000010f78001f
:1080dc001e0078000000e00008003a001102800049
:1080ec00f0f12f00008060000050a000100288000a
:1080fc000000000000000000ffff3700720f0700b7
:10810c001e007800f00890001e00780060089000b7
:10811c000080500010079800780f07001e00900098
:10812c000080fa00000006000600fa002007980004
:10813c00ae009000010f78001e0078000000e000f7
:10814c0008003a0011028000f0f12f00008060005e
:10815c000050a00010028800000000000000000089
:10816c00ffff37001e007800e00890001107980010
:10817c001e0090000080fa00000006000400fa00c7
:10818c00100798009e009000010f78001e007800e8
:10819c000000e00008003a0011028000f0f12f000e
:1081ac00008060000050a000100288000000000059
:1081bc0000000000ffff37001e00780040609000b8
:1081cc000004e00002003a001e007800b010070026
:1081dc000080fa00000006000200fa00000f780090
:1081ec001e007800001090000080fa0000000600cd
:1081fc000200fa00000f78001e0078007008900052
:10820c000080fa00000006000400fa001007980035
:10821c001e009000100890000000e00005003200e5
:10822c001e0090004008900010007800650f1000b0
:10823c00020037000000eb00000f78001e007800f1
:10824c000080fa00000006000a00fa0020079800df
:10825c0031079800420798000000eb00000f7800ef
:10826c002e009000e0089000110798002e0090005e
:10827c00001090000000e0000c003a002e0090006e
:10828c00100078000000e0004a003a002e00900038
:10829c00200090001cf30700000f78002e009000c7
:1082ac008000eb0021009800420037004e00900047
:1082bc000000e00019003a002e00900080109000a1
:1082cc002e0090001000900001017800be0090007c
:1082dc00f2e007002e009000900090002e0090001d
:1082ec0000109000808040002e009000110098003b
:1082fc002e009000900090002e0090002000900026
:10830c00808f50002b0039002e00900090007800d8
:10831c002e00900011009800260037002e009000cf
:10832c00801090002e009000300090000101780029
:10833c00be009000d9e007002e009000b000900025
:10834c002e009000001090000000ea008080400099
:10835c002e009000310098002e009000b00090008c
:10836c002e00900010007800808f50000800310023
:10837c002e009000a00090002e00900000109000a5
:10838c000000ea00808040002e0090003100980030
:10839c004e009000e20f500006003a001e009000c4
:1083ac000000e000030032001e0090000000e90015
:1083bc00100798001e0090008000e8002e0090002e
:1083cc00610898001e0078000080fa00000006008a
:1083dc000400fa00000f7800110798001e007800c6
:1083ec00001090000000e000190032001e00780020
:1083fc00b00090001e0078000010900080804000bb
:10840c001e007800310098001e007800b00090002b
:10841c001e00780020009000808f5000040039006e
:10842c001e007800900078001e0078003100980043
:10843c001e007800801090001e0078003000900024
:10844c0001017800800078001e00900093e0070086
:10845c000080fa00000006000400fa0010079800e3
:10846c00990e07001e009000b0609000014f78003c
:10847c000b0037001e009000100890000000e00078
:10848c000b0032001e00900072004000d3ef07007a
:10849c000000e0000100320090f107001e4fe900df
:1084ac001e4078000004e000f2ff3c0001003700a1
:1084bc00000000001e00900080c0eb0031609800ae
:1084cc008e0e0700800e07001e009000a06090002a
:1084dc00114798000d0037001e00900040009000de
:1084ec000000e0000d0032001e009000680040000b
:1084fc00baef07000000e0000100320077f107003e
:10850c001e4090000040e900104798001e4090006b
:10851c000004e000f0ff3c00010037000000000008
:10852c001e00900080c0eb0021609800730e0700c5
:10853c000080fa00000006000400fa001007980002
:10854c00610e07001e009000600890000000e00023
:10855c0003003a0010002000000f780002003700e2
:10856c000000eb00000f7800640e07001e0078007e
:10857c000080fa00000006000600fa0020079800b0
:10858c00ae009000110798001e0090000000e00063
:10859c0008003a0011028000f0f12f00008060000a
:1085ac000050a00010028800000000000000000035
:1085bc00ffff37001e009000600890000000e000f4
:1085cc0003003a0010002000000f78000200370072
:1085dc000000eb00000f78001e0078000080fa000d
:1085ec00000006000400fa0010079800360e070081
:1085fc001e009000e00890001e0090007008900093
:10860c00808f500003003a0010002000000f78000b
:10861c00020037000000eb00000f7800370e070057
:10862c001e0078000080fa00000006000600fa0028
:10863c0020079800ae009000110798001e009000d3
:10864c000000e00008003a0011028000f0f12f0059
:10865c00008060000050a0001002880000000000a4
:10866c0000000000ffff37001e009000e0089000a3
:10867c001e00900070089000808f500003003a009c
:10868c0010002000000f7800020037000000eb0003
:10869c00000f78001e0078000080fa000000060031
:1086ac000800fa001007980021079800320798007c
:1086bc009e009000010f7800030e07001e0078004a
:1086cc0020609000e14f400003003a001e0078004b
:1086dc008040eb00216098001e0078003060900014
:1086ec00e14f400003003a001e0078008040eb0090
:1086fc0031609800010e07001e00780060089000a1
:10870c000000e00005003a009e00780072804000f6
:10871c003e019000ae009000fcee07001e007800b9
:10872c004dff07000080fa00000006000e00fa0062
:10873c0020079800310798004207980053079800cb
:10874c00640798004e009000e10f50000d003a00b5
:10875c0010c0b300204798002e009000e20f50008c
:10876c0025003e0011028000f0f12f000080600017
:10877c000050a00010028800000000000000000063
:10878c00ffff37004e009000e20f50000d003a0042
:10879c0040c0b300204798002e0090000000e0007d
:1087ac0015003a0011028000f0f12f0000806000eb
:1087bc000050a00010028800000000000000000023
:1087cc00ffff37000040eb00204798002e00900080
:1087dc000000e00008003a0011028000f0f12f00c8
:1087ec00008060000050a000100288000000000013
:1087fc0000000000ffff3700be0090002e0090002c
:10880c00808f50000800360011028000f0f12f001c
:10881c00008060000050a0001002880000000000e2
:10882c0000000000ffff37003e0090000000e00059
:10883c0002003a0010002000300798002e00900033
:10884c00f30040002e009000808f5000080036008e
:10885c002e0090000000e800200798002e009000e9
:10886c0072004000d30e0700000f780002003700a2
:10887c000000eb00000f78001e0078000000e00004
:10888c00090032001e007800f20040001e00780043
:10889c006e039000de0290002e429000be0190000c
:1088ac002e019000870507001e0078000080fa005a
:1088bc00000006001600fa004007980051079800c7
:1088cc006207980073079800040f9800150f980022
:1088dc00260f98008e089000210798007e009000cb
:1088ec000000e00008003a0011028000f0f12f00b7
:1088fc00008060000050a000100288000000000002
:10890c0000000000ffff37000e0890000000e000a0
:10891c0008003a0011028000f0f12f000080600086
:10892c000050a000100288000000000000000000b1
:10893c00ffff3700de0090004e009000808f50004b
:10894c000800360011028000f0f12f00008060005a
:10895c000050a00010028800000000000000000081
:10896c00ffff37005e0090000000e00002003a00bc
:10897c0010002000500798006e009000e10f50008e
:10898c000d003a0030c0b300204798004e00900014
:10899c00e20f50001a003e0011028000f0f12f008f
:1089ac00008060000050a000100288000000000051
:1089bc0000000000ffff37006e009000e20f500037
:1089cc000d003a0060c0b300204798004e009000a4
:1089dc000000e0000a003a0011028000f0f12f00c4
:1089ec00008060000050a000100288000000000011
:1089fc0000000000ffff370020c0b30020479800a4
:108a0c0020012000300798003e009000f20f50002b
:108a1c000800320011028000f0f12f00008060008d
:108a2c000050a000100288000000000000000000b0
:108a3c00ffff37007e0090000000e00014003200c1
:108a4c000e0890000000e000110032002e0b900088
:108a5c009e0a90002e429000de0190004e01900084
:108a6c00fe0090002e009000160507002e009000ce
:108a7c0060489000804078000114a0002e00900007
:108a8c00614898008e089000010f780002003700b2
:108a9c000000eb00000f78001e0078000080fa0048
:108aac00000006000a00fa00200798003107980021
:108abc0042079800ae009000110798001e0090002d
:108acc000000e00008003a0011028000f0f12f00d5
:108adc00008060000050a000100288000000000020
:108aec0000000000ffff37003e0090000000e00097
:108afc0008003a0011028000f0f12f0000806000a5
:108b0c000050a000100288000000000000000000cf
:108b1c00ffff37004e0090000000e00008003a0014
:108b2c0011028000f0f12f00008060000050a000c6
:108b3c00100288000000000000000000ffff37005a
:108b4c001e009000604890000080fb0062006000f6
:108b5c000000e0000a0032001e009000e0009000cf
:108b6c003e009000010878009e0090004e0090009e
:108b7c000108780010002000000f78000200370078
:108b8c000000eb00000f78001e0078000080fa0057
:108b9c00000006000400fa00100798009e009000e8
:108bac00010f78001e0078000000e00008003a0079
:108bbc0011028000f0f12f00008060000050a00036
:108bcc00100288000000000000000000ffff3700ca
:108bdc001e007800604890000080fb00620060007e
:108bec000000e00003003a001e007800280e070089
:108bfc0004003700220120008000eb001e007800ea
:108c0c00adde07000080fa00000006000a00fa0042
:108c1c0040079800ce009000110798000000eb0070
:108c2c00000f78000000eb00200798000000eb001c
:108c3c00300798001e0090000000e00008003a0089
:108c4c0011028000f0f12f00008060000050a000a5
:108c5c00100288000000000000000000ffff370039
:108c6c00990c07001e009000400090000000e000ee
:108c7c0016003a001e009000500090000000e0002a
:108c8c0012003a001e009000e04990001e00900077
:108c9c00300190001e009000a00090001e0090007b
:108cac00600090003e039000ae02900003427800fa
:108cbc008201780001017800800078001e0090008d
:108ccc008004070010002000000f78008b0c0700b8
:108cdc001e0078000080fa00000006000c00fa006c
:108cec0050079800de009000110798000000eb0080
:108cfc00000f78000000eb00200798000000eb004c
:108d0c00300798001e0090000000e00008003a00b8
:108d1c0011028000f0f12f00008060000050a000d4
:108d2c00100288000000000000000000ffff370068
:108d3c000000eb00400798001e00900040009000df
:108d4c000000e00016003a001e0090005000900059
:108d5c000000e00012003a001e009000e049900074
:108d6c001e009000300190001e009000a0009000aa
:108d7c001e009000600090003e039000ae02900038
:108d8c0003427800820178000101780080007800ad
:108d9c001e0090004b04070010002000000f78000c
:108dac001e0078000080fa00000006000800fa009f
:108dbc002007980031079800ae009000110798002a
:108dcc001e0090000000e00008003a001102800034
:108ddc00f0f12f00008060000050a000100288000d
:108dec000000000000000000ffff37003e00900074
:108dfc000000e00002003a0010002000300798004c
:108e0c001e009000a00090003e009000808f50004b
:108e1c00060036001e009000be0090003100980045
:108e2c0010002000000f7800020037000000eb005b
:108e3c00000f78001e0078000080fa000000060089
:108e4c000800fa0030079800be0090001107980047
:108e5c001e0090000000e00008003a0011028000a3
:108e6c00f0f12f00008060000050a000100288007c
:108e7c000000000000000000ffff37001e00900003
:108e8c0090007800210798001e009000a000900030
:108e9c001e00900010007800008f40001e00900013
:108eac00100090001e0f10001e0090009000780023
:108ebc002e009000808f5000f0ff3a001e0fe9004a
:108ecc001e009000200090009e0f500003003e00fa
:108edc001e009000200090001e0f10001e00780055
:108eec000080fa00000006000600fa002007980037
:108efc00ae009000010f78001e0078000000e0002a
:108f0c0008003a0011028000f0f12f000080600090
:108f1c000050a000100288000000000000000000bb
:108f2c00ffff37001e007800d203070010079800df
:108f3c001e0090000080fa00000006001600fa00e7
:108f4c0070079800010f9800120f9800230f9800db
:108f5c00fe009000210798000000eb00000f780045
:108f6c009e089000110798000000eb003007980055
:108f7c000e0890000000e00008003a00110280008a
:108f8c00f0f12f00008060000050a000100288005b
:108f9c000000000000000000ffff37002e009000d2
:108fac000000e00008003a0011028000f0f12f00f0
:108fbc00008060000050a00010028800000000003b
:108fcc0000000000ffff37002e00900020009000f2
:108fdc000000e900300798002e00900060489000d7
:108fec000080fb0061006000004078000004e0009d
:108ffc00160032001e0090000080e8001007980058
:10900c009e0090001e089000808f500008003e00cb
:10901c0011028000f0f12f00008060000050a000d1
:10902c00100288000000000000000000ffff370065
:10903c009e0090003e009000808f5000090036008a
:10904c000000eb00200f9800060037009e009000f7
:10905c003e009000808f500002003600be00900051
:10906c00110798002e0890000000e000320032003a
:10907c006a00470027ee0700930b07002e009000b4
:10908c006fff0700000f78001e0090009e00780014
:10909c00808f5000260031002e00900000089000b8
:1090ac00800078000000eb008df407002e0090008b
:1090bc00500090000000e000080032001102800017
:1090cc00f0f12f00008060000050a000100288001a
:1090dc000000000000000000ffff3700f3ee070067
:1090ec00ae009000d0009800840b0700ae089000f2
:1090fc002e00900000089000010378008000eb0027
:10910c006022b8006011b80001f107002e00900039
:10911c008000eb0051009800f40047006a00470003
:10912c001dee07000000e000d3ff32000200370004
:10913c00720b0700000000001e0078000000e00029
:10914c0003003a002e0090003dff0700000f78004e
:10915c001e0290009e0178001e0990008e0890005f
:10916c002e0090006d000700400798004e00900004
:10917c000000e000170032002e0090003d030700b5
:10918c00ae009000b1009000810f5000110039002a
:10919c009de907002e009000400090000000e000c8
:1091ac000b0032002e009000800890002e009000e2
:1091bc00400090008002eb000002eb006011b80050
:1091cc0062f107002e0090008000eb004100980037
:1091dc0093e907004e0090000080fa0000000600a2
:1091ec001200fa0050079800610798007207980067
:1091fc00030f9800de00900011079800fe0090000d
:10920c00010f78006e0090000000e00008003a00aa
:10921c0011028000f0f12f00008060000050a000cf
:10922c00100288000000000000000000ffff370063
:10923c001e0090000000e00008003a0011028000bf
:10924c00f0f12f00008060000050a0001002880098
:10925c000000000000000000ffff37001e0090001f
:10926c00604890000080fb006100600000407800c6
:10927c000004e000010032001e8fe8001e00900088
:10928c00effe0700200798001e027800ae01900048
:10929c007e019000ee0090001e0090001f00070061
:1092ac00300798003e0090000000e00018003200eb
:1092bc001e009000ef0207009e009000b10090008d
:1092cc00810f5000120039000000eb00400798009d
:1092dc001e009000400090000000e0000c003200e6
:1092ec001e009000800890001e009000400090002e
:1092fc000e0b90008002eb000002eb006011b80036
:10930c0011f207001e0090008000eb004100980055
:10931c003e0090000080fa00000006000e00fa00eb
:10932c0020079800310798004207980053079800cf
:10933c00640798002e00900090009000010f7800b8
:10934c002e009000604890000080fb0061006000df
:10935c00004078000004e0001d003200ce009000b8
:10936c00110798009e0090004e009000808f5000d6
:10937c000800320011028000f0f12f000080600024
:10938c000050a00010028800000000000000000047
:10939c00ffff3700de0090006e009000808f5000c1
:1093ac00080039000e80e8009e01780022002000a1
:1093bc00800078002e00900001020700000f78005a
:1093cc00090037000000eb0040079800060037004a
:1093dc00ce0090005e009000810f5000010036001e
:1093ec0001007800400798004e0090000000e0005b
:1093fc00080032003e0090009e0178004e01900063
:10940c00800078002e009000ed010700ae00900067
:10941c00900098004e0090000080fa0000000600ba
:10942c001000fa0040079800510798006207980056
:10943c0073079800ce009000310798000000eb00f5
:10944c00000f78005e0090000000e00008003a0079
:10945c0011028000f0f12f00008060000050a0008d
:10946c00100288000000000000000000ffff370021
:10947c003e0090000000e00008003a00110280005d
:10948c00f0f12f00008060000050a0001002880056
:10949c000000000000000000ffff37003e009000bd
:1094ac00604890000080fb00610060000040780084
:1094bc000004e00003003200200020002007980088
:1094cc000c0037003e009000604890000080fb00cc
:1094dc00640060000000e000040032003e009000d8
:1094ec00b000900021079800020037000000eb004c
:1094fc00200798007e0090000000e0002f00320052
:10950c00710a07003e0090005a02070010079800ed
:10951c009e0090002e009000808f500014003e00a2
:10952c003e00900000089000800078000000eb00e6
:10953c006bf307003e009000400090000000e0003c
:10954c000800320011028000f0f12f000080600052
:10955c000050a00010028800000000000000000075
:10956c00ffff3700d1ed0700be009000c00098004f
:10957c00620a07009e0090002e009000808f500021
:10958c0011003e003e009000000890007e03900009
:10959c008000eb006022b8006011b800dcef07001f
:1095ac003e0090008000eb00410098003e009000cf
:1095bc003002070010079800030037003e009000af
:1095cc002c020700100798009e0090002e009000bf
:1095dc00808f50001a0036009e0190006e019000a2
:1095ec00de0090003e009000a2000700000f780003
:1095fc001e0078000000e0001100320082e8070035
:10960c004e009000500090000000e0000b00320073
:10961c004e009000800890004e009000500090008a
:10962c008002eb000002eb006011b80047f007006d
:10963c004e0090008000eb005100980078e8070085
:10964c001e0078000080fa00000006000a00fa00f4
:10965c0040079800ce009000110798001e00900063
:10966c000000e00008003a0011028000f0f12f0029
:10967c00008060000050a000100288000000000074
:10968c0000000000ffff37001e00900060489000b3
:10969c000080fb0061006000004078000004e000e6
:1096ac001f0032001e009000f201070020079800f6
:1096bc002e009000e20f50000b0036001e009000b0
:1096cc00900078006600470081017800220020009d
:1096dc00800078001e00900090010700be009000f2
:1096ec00010f7800100037002e0090000000e00001
:1096fc000800320011028000f0f12f0000806000a1
:10970c000050a000100288000000000000000000c3
:10971c00ffff37000000eb00000f7800020037005d
:10972c000000eb00000f78001e0078000080fa00ab
:10973c00000006001200fa0050079800610798001c
:10974c0072079800030f9800de0090002107980024
:10975c000000eb00000f78006e0090000000e000ad
:10976c0008003a0011028000f0f12f000080600028
:10977c000050a00010028800000000000000000053
:10978c00ffff37002e0090000000e00008003a00b8
:10979c0011028000f0f12f00008060000050a0004a
:1097ac00100288000000000000000000ffff3700de
:1097bc002e009000604890000080fb00610060006b
:1097cc00004078000004e00003003200200020007c
:1097dc0010079800020037000000eb0010079800fb
:1097ec002e009000a301070030079800be009000e7
:1097fc001e009000808f50001b003600be019000b0
:10980c007e019000ee0090002e00900019000700e1
:10981c00000f78001e0078000000e00012003200fb
:10982c000000eb00400798002e00900050009000c4
:10983c000000e0000c0032002e0090008008900028
:10984c002e009000500090000e0b90008002eb0058
:10985c000002eb006011b800bbf007002e00900076
:10986c008000eb00510098001e0078000080fa0088
:10987c00000006001000fa004007980051079800fd
:10988c0062079800730798004e00900090007800d3
:10989c00110798004e009000604890000080fb007b
:1098ac0061006000004078000004e000130032000a
:1098bc00660047009e019000220020008000780086
:1098cc004e0090001501070010079800be00900094
:1098dc00010f78007e0090000080e900700798006e
:1098ec006e0090009e007800808f500005003600be
:1098fc000000eb00000f780002003700ee00900033
:10990c00010f78009e0078007e009000810f5000bf
:10991c000100360001007800200798002e0090000e
:10992c000000e000080032005e0090009e019000f4
:10993c002e019000800078004e009000f700070088
:10994c00ce009000800878002e0090000080fa0075
:10995c00000006000800fa0030079800be009000d6
:10996c00110798001e0090000000e00008003a006b
:10997c0011028000f0f12f00008060000050a00068
:10998c00100288000000000000000000ffff3700fc
:10999c001e00900090007800210798001e00900097
:1099ac00900090002e009000808f500003003a0031
:1099bc0010002000000f7800020037000000eb00c0
:1099cc00000f78001e0078000080fa0000000600ee
:1099dc000800fa0030079800be009000210798009c
:1099ec002e0090000000e00008003a0011028000f8
:1099fc00f0f12f00008060000050a00010028800e1
:109a0c000000000000000000ffff37002e00900057
:109a1c00604890000080fb0061006000004078000e
:109a2c000004e00003003200200020001007980022
:109a3c00020037000000eb00100798003e00900079
:109a4c00fffc07009e009000810f500003003e00b9
:109a5c0010002000000f7800020037000000eb001f
:109a6c00000f78001e0078000080fa00000006004d
:109a7c000a00fa003007980041079800be009000d9
:109a8c00110798001e0090000000e00008003a004a
:109a9c0011028000f0f12f00008060000050a00047
:109aac00100288000000000000000000ffff3700db
:109abc000000eb00200798001e0090004000900072
:109acc000000e0000f0032001e00900080089000a3
:109adc001e009000400090004e0390008002eb00ae
:109aec000002eb006011b80017f007001e00900098
:109afc008000eb004100980010002000000f78005f
:109b0c00020037000000eb00000f78001e00780008
:109b1c000080fa00000006000a00fa0030079800e6
:109b2c0041079800be009000110798001e0090009d
:109b3c000000e00008003a0011028000f0f12f0054
:109b4c00008060000050a00010028800000000009f
:109b5c0000000000ffff37000000eb00200798001a
:109b6c001e009000500090000000e0000f0032003a
:109b7c001e009000800890001e0090005000900085
:109b8c004e0390008002eb000002eb006011b80065
:109b9c00edef07001e0090008000eb0051009800d4
:109bac0010002000000f7800020037000000eb00ce
:109bbc00000f78001e0078000080fa0000000600fc
:109bcc000a00fa0010079800210798003207980045
:109bdc00430798003e0090000000e00008003a00a7
:109bec0011028000f0f12f00008060000050a000f6
:109bfc00100288000000000000000000ffff37008a
:109c0c001e009000a00090004e00900000805000bc
:109c1c00be009000810f500001003600010078005a
:109c2c00000f78004e0090009e0040001e00900037
:109c3c0020009000808f5000080036001102800038
:109c4c00f0f12f00008060000050a000100288008e
:109c5c000000000000000000ffff37001e00900015
:109c6c00e00090004e009000008040001e01780043
:109c7c00ae00900089da07003e0090009e0f500065
:109c8c00150036003e0090009e0050001e00900013
:109c9c0020009000808f50000800360011028000d8
:109cac00f0f12f00008060000050a000100288002e
:109cbc000000000000000000ffff37003e00900095
:109ccc001e0150002e0090009e0040001e009000cf
:109cdc006000900071da0700ce0090003e0090000a
:109cec0000804000400798001e009000a0009000eb
:109cfc004e009000808f500005003e001e0090002a
:109d0c0020009000ce00900000805000400798008a
:109d1c004e0090000080fa00000006000a00fa00d5
:109d2c001007980021079800320798004307980005
:109d3c003e0090000000e00008003a001102800094
:109d4c00f0f12f00008060000050a000100288008d
:109d5c000000000000000000ffff37001e00900014
:109d6c00a00090004e00900000805000be009000bb
:109d7c00810f50000100360001007800000f7800c0
:109d8c003e0090009e007800808f50000800360046
:109d9c0011028000f0f12f00008060000050a00044
:109dac00100288000000000000000000ffff3700d8
:109dbc004e0090009e0040001e009000200090007d
:109dcc00808f50000800360011028000f0f12f0047
:109ddc00008060000050a00010028800000000000d
:109dec0000000000ffff37001e009000e000900014
:109dfc004e009000008040001e017800800078002a
:109e0c002e00900025da07003e0090009e0f5000b7
:109e1c00070036003e0090001e0150001e0090000e
:109e2c00e00090002e0090001e0040001bda07009e
:109e3c00ce0090003e00900000804000400798004b
:109e4c001e009000a00090004e009000808f5000eb
:109e5c0005003e001e00900020009000ce009000f7
:109e6c0000805000400798004e0090000080fa00df
:109e7c00000006000400fa00100798001e00900075
:109e8c00a00090001e00900010009000008f400079
:109e9c001e009000100078001e0f10001e00900095
:109eac00200090009e0f500003003e001e0090000a
:109ebc00200090001e0f10001e0078000080fa0099
:109ecc00000006000e00fa00000f78001107980041
:109edc002207980033079800044f98005507980004
:109eec00660798002e019000510520001e0090007e
:109efc00f1d907009e009000810f5000080032003d
:109f0c0011028000f0f12f00008060000050a000d2
:109f1c00100288000000000000000000ffff370066
:109f2c00220120008000eb001e007800e2d907001f
:109f3c001e0078009e009000610098001e007800c2
:109f4c00ae009000210098001e007800be0090002a
:109f5c00310098001e0078008e48900061489800ef
:109f6c001e0078008000eb00010898000080fa00c9
:109f7c00000006000400fa00100798009e009000f4
:109f8c00010f78001e0078000000e00008003a0085
:109f9c0011028000f0f12f00008060000050a00042
:109fac00100288000000000000000000ffff3700d6
:109fbc001e007800000890000080fa0000000600e7
:109fcc000600fa0010079800210798009e009000e8
:109fdc00010f78001e0078000000e00008003a0035
:109fec0011028000f0f12f00008060000050a000f2
:109ffc00100288000000000000000000ffff370086
:10a00c001e007800400090000000e00008003200c4
:10a01c0011028000f0f12f00008060000050a000c1
:10a02c00100288000000000000000000ffff370055
:10a03c001e007800500090000000e0000800320084
:10a04c0011028000f0f12f00008060000050a00091
:10a05c00100288000000000000000000ffff370025
:10a06c002e0090000000e000080032001102800079
:10a07c00f0f12f00008060000050a000100288005a
:10a08c000000000000000000ffff37001e007800f9
:10a09c00ae009000010898000080fa000000060055
:10a0ac000800fa000000eb00000f780042030700e4
:10a0bc00104180000000e000190032000000eb00ad
:10a0cc00100798000000eb0020079800660147007d
:10a0dc00e40047000e80e80042f107001e019000ea
:10a0ec00ae0090003e0090000203780081027800e0
:10a0fc00440020008001eb0000017800e1192900e8
:10a10c0020462500dde0070020418800204180002a
:10a11c000000e0000200320010002000000f780068
:10a12c001e0078000000e00008003a0011028000d8
:10a13c00f0f12f00008060000050a0001002880099
:10a14c000000000000000000ffff37001e00780038
:10a15c000080fa00000006000c00fa0010079800be
:10a16c00210798003207980043079800540798007d
:10a17c00400120008f080700000f78001e007800b7
:10a18c000000e0000a0032001e0078008040eb0066
:10a19c00215098009e0278005e029000ce01900043
:10a1ac003e019000ae0090001e00900035000700ac
:10a1bc001e0078000080fa00000006001000fa0073
:10a1cc002007980031079800420798005307980021
:10a1dc00640798007507980040012000100798004c
:10a1ec001e009000f40f5000080032001102800095
:10a1fc00f0f12f00008060000050a00010028800d9
:10a20c000000000000000000ffff37001e0090005f
:10a21c007e0090000000e00008003a00110280006f
:10a22c00f0f12f00008060000050a00010028800a8
:10a23c000000000000000000ffff3700fe0090004f
:10a24c00010f78001e0078000000e0000a003200c8
:10a25c001e00780021c0b300215098009e027800a7
:10a26c006e029000de0190004e019000be00900046
:10a27c002e009000030007001e0078000080fa00fa
:10a28c00000006000c00fa00000f7800110798007f
:10a29c002207980033079800440798005507980048
:10a2ac001e0090000000e00008003a00110280003f
:10a2bc00f0f12f00008060000050a0001002880018
:10a2cc000000000000000000ffff3700ba0207008a
:10a2dc005e0090001e0878005e0090009e009000ca
:10a2ec00610098005e009000be0090007100980024
:10a2fc005e009000ce009000010898005e00900077
:10a30c000080e8002f0707002e0090000000e000fe
:10a31c00060032005e0090002050900080407800d3
:10a32c000124a0005e009000215098000080fa00eb
:10a33c00000006001200fa00400798005107980030
:10a34c006207980073079800040f98000000eb0058
:10a35c00000f78004e0090000000e00008003a006a
:10a36c0011028000f0f12f00008060000050a0006e
:10a37c00100288000000000000000000ffff370002
:10a38c00104180000000e00024003200de0090004c
:10a39c0011079800ee00900021079800ce00900065
:10a3ac00310798005e009000e50f50000800340063
:10a3bc0011028000f0f12f00008060000050a0001e
:10a3cc00100288000000000000000000ffff3700b2
:10a3dc005e009000e50f500010003c0045ea0700bd
:10a3ec00e20f500007003a00104180008e80e80018
:10a3fc008001eb000e099000d4f20700000f7800ea
:10a40c0006003700104180008e80e8008001eb00d0
:10a41c000001eb00cdf20700000f78001e00780061
:10a42c000080fa00000006001200fa0040079800b5
:10a43c00510798006207980073079800040f980062
:10a44c000000eb00000f78004e0090000000e000d0
:10a45c0008003a0011028000f0f12f00008060002b
:10a46c000050a00010028800000000000000000056
:10a47c00ffff3700104180000000e0001a0032009e
:10a48c00de00900011079800ee0090002107980064
:10a49c00ce009000310798005e009000e50f500050
:10a4ac0008003c0011028000f0f12f0000806000d9
:10a4bc000050a00010028800000000000000000006
:10a4cc00ffff37005e009000e50f500006003400df
:10a4dc00104180008e80e8008001eb007e0190002e
:10a4ec004ef30700000f78001e0078000080fa0081
:10a4fc00000006000000fa00204180000000e0008f
:10a50c0008003a0011028000f0f12f00008060007a
:10a51c000050a000100288000000000000000000a5
:10a52c00ffff3700204180000080fa000000060089
:10a53c000400fa00100798009e009000010f7800ac
:10a54c001e0090000000e00008003a00110280009c
:10a55c00f0f12f00008060000050a0001002880075
:10a56c000000000000000000ffff37001e00780014
:10a57c00600090000080fa00000006000600fa005f
:10a58c0010079800210798009e009000010f78009a
:10a59c001e0090000000e00008003a00110280004c
:10a5ac00f0f12f00008060000050a0001002880025
:10a5bc000000000000000000ffff3700420607000b
:10a5cc002e0090000000e000070032001e00780012
:10a5dc0020509000804078000124a0001e007800dc
:10a5ec0021509800060037001e0078002050900083
:10a5fc00804078000124a1001e00780021509800b2
:10a60c003e0607000080fa00000006000600fa0073
:10a61c0020079800ae009000110798002e009000c3
:10a62c000000e00008003a0011028000f0f12f0059
:10a63c00008060000050a0001002880000000000a4
:10a64c0000000000ffff37001f0607001e009000ef
:10a65c00205090000080fb00640060000000e000cf
:10a66c0003003a000000eb00000f780002003700f6
:10a67c0010002000000f7800200607001e00780054
:10a68c000080fa00000006000400fa001007980091
:10a69c001e009000ddff0700000f78001e00780000
:10a6ac000080fa00000006000600fa00200798005f
:10a6bc00ae009000010f78002e0090000000e0002a
:10a6cc0008003a0011028000f0f12f0000806000b9
:10a6dc000050a000100288000000000000000000e4
:10a6ec00ffff37001e0078009000900011079800c3
:10a6fc001e0090000080fa00000006000800fa001e
:10a70c002007980031079800ae00900011079800c0
:10a71c003e0090000000e00008003a0011028000aa
:10a72c00f0f12f00008060000050a00010028800a3
:10a73c000000000000000000ffff37001e0090002a
:10a74c00205090000080fb00620060000000e000e0
:10a75c00060032009e0090003e0090000108780038
:10a76c0010002000000f7800020037000000eb0002
:10a77c00000f78001e0078000080fa000000060030
:10a78c000400fa00100798009e009000010f78005a
:10a79c001e0090000000e00008003a00110280004a
:10a7ac00f0f12f00008060000050a0001002880023
:10a7bc000000000000000000ffff37001e007800c2
:10a7cc00100078000080fa00000006000600fa0075
:10a7dc00000f780011079800220798000900370035
:10a7ec001e007800600090009e00900000804000e9
:10a7fc00100798001e007800800890001e0078005a
:10a80c00010001001e007800e00090001e00900086
:10a81c00008040009e0190002e0190008000780086
:10a82c001e0078008b0007000000e000ecff3a00ef
:10a83c000080fa00000006000600fa0010079800dd
:10a84c0021079800f040800030009000300090000c
:10a85c00000f78001e80e800310607001e0078000b
:10a86c00205090000080fb00640060000000e000bd
:10a87c00050032002e0190009e0090001e00780012
:10a88c00d2ff0700060037001e0078002050900011
:10a89c00804078000104a1001e007800215098002f
:10a8ac001e007800800890001e0078000100010056
:10a8bc000080fa00000006000600fa00200798004d
:10a8cc000e80e80037000700000f78001e00900093
:10a8dc00800078001e007800020007008f0007003f
:10a8ec00f7ff37000800fa0020079800310798009e
:10a8fc00c5e307000e80e80041000700000f780058
:10a90c001e0090000000e00021003a003e00900084
:10a91c000000e00008003a002e0090009e0f50004e
:10a92c0005003e00bee307009e0078002e0090005c
:10a93c00c1ff0700190037003e0090000000e00046
:10a94c0007003200004180001000780000f0a700e2
:10a95c000000ea000000e9004f00de00300798001c
:10a96c002e0090009e005000104180003e0190008f
:10a97c004bf70700aae307000000e00006003a00ce
:10a98c008663020000000000000000000300370096
:10a99c00a3e3070001003700000000000080fa006c
:10a9ac00000006000400fa0010079800f040800038
:10a9bc001000780000f0a7000000ea000000e90099
:10a9cc004f00de009e009000800878001e00900072
:10a9dc00100078000000e00004003a00f040800015
:10a9ec0030009000100f7800020037000000eb00e0
:10a9fc00000f78001e0078000080fa0000000600ae
:10aa0c000400fa001007980050e40700000f7800cb
:10aa1c00304180009e007800808f5000050031008e
:10aa2c00d10007001e0090001100200001087800e2
:10aa3c00030037001e0090008000eb000108780036
:10aa4c009e007800314188001e0078000080fa00da
:10aa5c00000006000a00fa00100798002107980071
:10aa6c0032079800430798000000eb00000f7800b5
:10aa7c001e009000ae009000110098001e00900087
:10aa8c009e00900041009800ae0090003e009000a7
:10aa9c00808f50000f003e00be0090004e009000d2
:10aaac00808050001e00900060009000808f50004d
:10aabc000300390010002000000f7800140037004c
:10aacc001e0090008080e8000041800062050700b5
:10aadc000f003700be0090004e009000808f500099
:10aaec0007003100ae0090004e009000808f5000a7
:10aafc000300390010002000000f7800040037001c
:10ab0c001e0090008080e800f04080005205070095
:10ab1c001e0078000080fa00000006000c00fa000d
:10ab2c00e4004700020009008018eb0086003700a3
:10ab3c002e0090000000e00083003500ce00900055
:10ab4c00010f78001e007800500090000000e0001b
:10ab5c00020032001e80e800710507006a00470001
:10ab6c00a7ff0700100798002e009000e50f50007b
:10ab7c0062003200e50f500007003c00e30f50006c
:10ab8c0038003200e30f50003d003c00e10f500054
:10ab9c006a00350007003700e80f50003100320022
:10abac00e80f500003003500e90f5000340032006c
:10abbc00650037001e00780020509000804078001f
:10abcc000104a0001e00780021509800be009000e7
:10abdc003e0190001e0078006000900000004100d3
:10abec00810178001e019000800078001e00780022
:10abfc0098ff07000000e000520032001e007800b1
:10ac0c00205090000080fb00640060000000e00019
:10ac1c0009003200be0090001e0078006000900019
:10ac2c00008040001e019000800078001e0078001b
:10ac3c00e6fe0700060037001e007800205090004a
:10ac4c00804078000104a1001e007800215098007b
:10ac5c001e007800800890001e00780001000100a2
:10ac6c00390037001e00780020509000804078009a
:10ac7c000104a1001e00780021509800320037001a
:10ac8c001e00780020509000804078000104a00045
:10ac9c001e00780021509800be0090001e00780025
:10acac00610098001e007800600090000000e00039
:10acbc0008003a0011028000f0f12f0000806000c3
:10accc000050a000100288000000000000000000ee
:10acdc00ffff37001e007800e00090001e0090007f
:10acec00008040009e0190001e01900080007800c2
:10acfc001e00780057ff0700130037001e00780075
:10ad0c00205090000080fb00620060000000e0001a
:10ad1c0003003a001e007800dd0507000a0037002a
:10ad2c001e00780020509000804078000104a100a3
:10ad3c001e0078002150980003003700000000002e
:10ad4c00010037000000000010418000e4004700c3
:10ad5c000001eb0028f207000000e00074ff3a004d
:10ad6c000080fa00000006000400fa00060037001c
:10ad7c00f040800030009000100f78008080eb00d5
:10ad8c001e007800acfe0700f04080001000780038
:10ad9c000000e000f6ff3a00f14080001107980037
:10adac0000418000f04088009e0090000141880026
:10adbc000080fa00000006000000fa0042040700c0
:10adcc00104180000000e0000f003a00a0b021000c
:10addc006304070040b1210061040700a0b021000a
:10adec00f040880040b12100004188000042eb0097
:10adfc00a3b52100e2b1210061002000a0002000d9
:10ae0c0093ee0700104188003c0407000080fa0014
:10ae1c00000006000600fa0020079800ae00900023
:10ae2c00110798002e0090000000e00008003a0086
:10ae3c0011028000f0f12f00008060000050a00093
:10ae4c00100288000000000000000000ffff370027
:10ae5c001d0407001e009000205090000080fb0095
:10ae6c00610060000000e00003003a000000eb000d
:10ae7c00000f78000200370010002000000f78004f
:10ae8c001e0407001e0078000080fa000000060077
:10ae9c000600fa0020079800ae009000010f780021
:10aeac002e0090000000e00008003a001102800023
:10aebc00f0f12f00008060000050a000100288000c
:10aecc000000000000000000ffff3700fe03070039
:10aedc001e007800f000900011079800070407008e
:10aeec001e0090000080fa00000006000600fa0028
:10aefc0010079800210798009e009000010f780021
:10af0c001e0090000000e00008003a0011028000d2
:10af1c00f0f12f00008060000050a00010028800ab
:10af2c000000000000000000ffff3700e6030700f0
:10af3c001e007800ae00900071009800ef0307002f
:10af4c000080fa00000006000000fa002228ef0042
:10af5c002428ef000080fa00000006000600fa002a
:10af6c00200798002e0090000000e00008003a0036
:10af7c0011028000f0f12f00008060000050a00052
:10af8c00100288000000000000000000ffff3700e6
:10af9c00e0002000100798001e009000ee0f5000fb
:10afac000800320011028000f0f12f0000806000d8
:10afbc000050a000100288000000000000000000fb
:10afcc00ffff3700ae009000010f78001e007800e4
:10afdc000000e000080032001e0078008000eb004a
:10afec00010878001e80e800dd0307001e007800d1
:10affc0011c0b300414898001e0078000080fa0090
:10b00c00000006000200fa00e0002000e90407003e
:10b01c00000f78001e0078000000e00008003200ed
:10b02c001e0078008000eb00010878001e80e8000c
:10b03c00cb0307001e0078008040eb0041489800cd
:10b04c001e0078000080fa00000006001200fa00d2
:10b05c00500798006107980072079800030f98003a
:10b06c00de009000110798000000eb00200798000c
:10b07c00fe00900000f02f00008060000000e00057
:10b08c000800320011028000f0f12f0000806000f7
:10b09c000050a0001002880000000000000000001a
:10b0ac00ffff37007e0090000000e00008003a002f
:10b0bc0011028000f0f12f00008060000050a00011
:10b0cc00100288000000000000000000ffff3700a5
:10b0dc0008e707000000e00003003a000e089000ab
:10b0ec000000e00002003a001000200001003700d0
:10b0fc000000eb000000e00008003a0011028000a4
:10b10c00f0f12f00008060000050a00010028800b9
:10b11c000000000000000000ffff3700bae107004c
:10b12c001e0090009000780031079800ee0090000f
:10b13c005e0090002c010700be0090006e00900095
:10b14c00810070007e009000808060007e00900086
:10b15c00808f50000d003a00be0090006e009000f1
:10b16c00008f70001e009000900078007e00900010
:10b17c000080ea00808060001e00900001087800ca
:10b18c000000eb00000f9800110037000e08900033
:10b19c000000e0000a003200fe0090000050200089
:10b1ac00810070001e0090000080e8000e099000e5
:10b1bc0018e407000000eb00000f780004003700d3
:10b1cc001e009000100f780010002000200798003f
:10b1dc0093e10700400798000e0890000000e00083
:10b1ec00200032004e0090000000e00003003a0006
:10b1fc0086630200000000000000000043e8070026
:10b20c00000f7800002020001e0060000000e0000d
:10b21c0012003a002c0307001e009000100f78005b
:10b22c007e0090009e0060007e009000808f500099
:10b23c0007003a001e009000900078007e009000fd
:10b24c000080ea00808060001e00900001087800f9
:10b25c002a0307001000200020079800f00f2000a0
:10b26c001e0f60001e0078000080fa00000006002f
:10b27c001800fa0070079800010f9800120f980040
:10b28c00230f9800340f9800fe00900021079800bf
:10b29c000000eb00100798000000eb00300798004e
:10b2ac007e0090000000e00008003a0011028000cf
:10b2bc00f0f12f00008060000050a0001002880008
:10b2cc000000000000000000ffff37008e08900017
:10b2dc0000f02f00008060000000e0000800320049
:10b2ec0011028000f0f12f00008060000050a000df
:10b2fc00100288000000000000000000ffff370073
:10b30c000e0890000000e00008003a0011028000d6
:10b31c00f0f12f00008060000050a00010028800a7
:10b32c000000000000000000ffff370071e607007e
:10b33c000000e00003003a003e0890000000e0002e
:10b34c0002003a0010002000010037000000eb0062
:10b35c000000e00008003a0011028000f0f12f001c
:10b36c00008060000050a000100288000000000067
:10b37c0000000000ffff370023e107002e009000c3
:10b38c0090007800410798002e0990008e089000dc
:10b39c004e0090007f010700500798005e0090005f
:10b3ac000000e0000f003200ce009000010f78008a
:10b3bc000000eb00300f98001e0890000000e00029
:10b3cc00250032002e009000900078000e089000ae
:10b3dc000080ea00808060002e0090000108780058
:10b3ec001d0037003e0890000000e00005003a0008
:10b3fc00ce009000010f780010002000300798005c
:10b40c00150037001e0890000000e0000300320019
:10b41c001e0090000080a000100798002e089000dd
:10b42c000000e000030032001e00900000a0a0000d
:10b43c00100798008e0890001e009000810070008c
:10b44c002e0090000080e8003e09900071e3070098
:10b45c000000eb00000f7800f1e007006007980097
:10b46c003e0890000000e000240032006e009000c6
:10b47c000000e00003003a008663020000000000b8
:10b48c0000000000a1e70700000f7800002020005a
:10b49c001e0060000000e00016003a008a0207005f
:10b4ac002e009000100f78002e0990008e0890004e
:10b4bc001e007800370107000000e0000a0032008f
:10b4cc001e0890000000e000070032002e009000e3
:10b4dc00900078000e0890000080ea0080806000e8
:10b4ec002e00900001087800100020003007980012
:10b4fc0082020700f00f20001e0f60001e00780073
:10b50c000080fa00000006000800fa0020079800ee
:10b51c0031079800ae009000010f78002e009000cb
:10b52c000000e00008003a0011028000f0f12f004a
:10b53c00008060000050a000100288000000000095
:10b54c0000000000ffff3700be00900000f02f004d
:10b55c00008060000000e000080032001102800052
:10b56c00f0f12f00008060000050a0001002880055
:10b57c000000000000000000ffff3700520207002f
:10b58c001e00780090007800110798001e007800cb
:10b59c00900078003e0090000080ea0080806000ff
:10b5ac001e00780001087800540207001e0090006d
:10b5bc000080fa00000006000800fa00300798002e
:10b5cc00be009000010f78000000eb0010079800ff
:10b5dc001e00780090007800210798002e00900043
:10b5ec000080fa00000006001600fa00100f980008
:10b5fc00210f98000000eb00100798009e089000a7
:10b60c00310798000000eb00200798001e089000fe
:10b61c000000e00008003a0011028000f0f12f0059
:10b62c00008060000050a0001002880000000000a4
:10b63c0000000000ffff3700ae08900000f02f0064
:10b64c00008060000000e000080032001102800061
:10b65c00f0f12f00008060000050a0001002880064
:10b66c000000000000000000ffff37003e009000cb
:10b67c000080e800400798004e00900064004000f5
:10b68c005007980060e007004e009000b00090005a
:10b69c00010f78003e009000900078002e0890007a
:10b6ac00810070003e009000010878003b003700dc
:10b6bc001e00780090009000610798001e00780032
:10b6cc0090007800710798000000eb0020079800ac
:10b6dc00fe00900000f02f0000806000000f98002a
:10b6ec00fe009000f00f20000080600070079800b2
:10b6fc008e08900000402000008060000000e000f8
:10b70c0009003a003e009000900078007e00900006
:10b71c00008060000000e0000c00320010002000ef
:10b72c0020079800090037003e0090009000780038
:10b73c007e009000808060007e009000808f500022
:10b74c0002003a0010002000200798002e00900004
:10b75c000000e0000f0032008e0890000010200066
:10b76c00008060000000e000040032009e009000a9
:10b77c007e00900001007000100798003e009000c1
:10b78c00100078000090a000800078001e00780067
:10b79c00c4e30700ee009000010f78005e009000fb
:10b7ac009e007800808f5000c1ff3a003e00900050
:10b7bc00900078001e0090000080ea0080806000fd
:10b7cc003e0090000108780015e007003e00900054
:10b7dc00100078000080fa00000006000600fa0055
:10b7ec0020079800ae009000010f78001e00780032
:10b7fc000000e00008003a0011028000f0f12f0078
:10b80c00008060000050a0001002880000000000c2
:10b81c0000000000ffff37001e80e80010079800b2
:10b82c00f9df0700120037001e009000b0009000f6
:10b83c001e00900064004000808f500008003a0009
:10b84c0011028000f0f12f00008060000050a00079
:10b85c00100288000000000000000000ffff37000d
:10b86c001e00900030009000012020008de30700a6
:10b87c001e009000100078000000e000eaff3a0083
:10b88c00e7df07001e007800404890000004e0004d
:10b89c0002003a001e007800fd0207000080fa004a
:10b8ac00000006000800fa002007980031079800f5
:10b8bc00ae009000110798001e0090000000e00000
:10b8cc0008003a0011028000f0f12f0000806000a7
:10b8dc000050a000100288000000000000000000d2
:10b8ec00ffff37003e0090000000e00008003a0027
:10b8fc0011028000f0f12f00008060000050a000c9
:10b90c00100288000000000000000000ffff37005c
:10b91c001e00900040489000e14f500006003a0095
:10b92c009e0090003e00900001087800100020005e
:10b93c00000f7800020037000000eb00000f7800c9
:10b94c001e0078000080fa00000006000600fa00d5
:10b95c00000f780012079800230798009e009000b3
:10b96c001e00780020ff07000080fa00000006008f
:10b97c000600fa00000f78001207980023079800c1
:10b98c009e0090001e007800dffe07000080fa0089
:10b99c00000006000800fa00100798002107980024
:10b9ac00320798000000eb00000f78003e0090007a
:10b9bc000000e00008003a009e0090002e0090006d
:10b9cc00008060000000e0000b003200100020003e
:10b9dc00000f7800080037009e0090002e009000a9
:10b9ec00808060002e009000808f500002003a0092
:10b9fc0010002000000f78001e0078000080fa0074
:10ba0c00000006000400fa00100798000000eb008c
:10ba1c00000f78004b020700000f780040418000b7
:10ba2c008001eb000081eb008e00780047ed0700f1
:10ba3c002003200086dc0700f6ff37000600fa0022
:10ba4c0020079800010037000000000040418000f2
:10ba5c008e80e8000081eb00e7ee07009e0090006e
:10ba6c0020032000808f50000500360010c0b3006a
:10ba7c00004f780010002000cd01070004003700b3
:10ba8c000040eb00004f78000000eb00c8010700fd
:10ba9c0060418000a100200074ef0700e10f50000e
:10baac000a003a001e009000804188001e41780078
:10babc002183200082487800604180008001eb00e7
:10bacc000001eb008000eb0020ed07001e40780029
:10badc00e14f5000dcff3a00704180008001eb0028
:10baec000001eb008000eb0018ed0700d7ff3700da
:10bafc005a00fa00402f980014e007001007980035
:10bb0c0001003700000000000e80e800c112200088
:10bb1c00efdb0700604180004106200053ef070077
:10bb2c00e10f50000e003a008241800093418000ea
:10bb3c00222f9800332f9800604180008001eb0089
:10bb4c000001eb008000eb0000ed07006ed09000d0
:10bb5c000080fb00e10f50000300320005003700ad
:10bb6c0000000000e8ff3700800a2900000f780071
:10bb7c0003003700d00a2900000f780000000000f5
:10bb8c00504180004106200038ef0700e10f5000c3
:10bb9c00dcff3a00ae28900064004700811f78005b
:10bbac009e1f7800010b2900811f7800aed2070080
:10bbbc00e6875700700c2900a101070064004700bc
:10bbcc009f010700900e29009d0107005041800045
:10bbdc008001eb000001eb008000eb00dbec0700c8
:10bbec00c9ff37000400fa00100798000300370063
:10bbfc0000000000010037000000000070418000d0
:10bc0c008080eb0019ef0700e10f5000f8ff3a00bd
:10bc1c000000eb00000f7800090037001000200036
:10bc2c0063010700a000200009dc07000000eb0006
:10bc3c005f010700a000200005dc07001e0fe800d4
:10bc4c001e007800e20f5000f4ff340050418000d9
:10bc5c004101200005ef0700e10f5000e6ff3a001c
:10bc6c00a010290076010700504180008001eb00f4
:10bc7c000001eb008000eb00b4ec0700dfff3700a5
:10bc8c000200fa00000f780050418000a100200053
:10bc9c00f6ee0700e10f500007003a00a013290050
:10bcac0067010700504180008001eb000001eb00b0
:10bcbc008000eb00a5ec07000080fa0000000600f5
:10bccc002a00fa00201798003117980042179800a4
:10bcdc00e4004700621529000f000900b218780033
:10bcec00be109000110798002e1090001e019000bd
:10bcfc00020878002e1090000080e80020179800b1
:10bd0c002e1090008000eb00010878002e1090009f
:10bd1c000080e800201798002e1090008000eb00a7
:10bd2c00010878002e1090000080e8002017980081
:10bd3c00ce1090002e109000010878002e1090006c
:10bd4c000080e800201798000000eb00000f78003e
:10bd5c000a0037001e007800000040000000470079
:10bd6c00a00090002e109000010878002e1090007a
:10bd7c000080e800201798001e0fe8001e007800d5
:10bd8c00ef0f5000f3ff3600210280002e109000c0
:10bd9c00010878002e1090000080e8002017980011
:10bdac0034c0bf008080fb002e109000010878008a
:10bdbc002e1090000080e800201798002e109000a4
:10bdcc008000eb00010878002e1090000080e80045
:10bddc00201798002e1090000080fa00000006003a
:10bdec000000fa0024000700004080009007780053
:10bdfc004f007800c04188003400f9004400f9007d
:10be0c003200f9003600f9004f0778004f06be00eb
:10be1c004f05be004f04be004f03be004f02be00d4
:10be2c004f01be004f00be004200f90000000600aa
:10be3c00100020000080fa00000006000000fa004c
:10be4c00c1418000803e2000808f500008003200ed
:10be5c0011028000f0f12f00008060000050a00063
:10be6c00100288000000000000000000ffff3700f7
:10be7c000080fa00000006000400fa00701a260088
:10be8c0001002000008fbe000421ef000021ef0014
:10be9c001e0078001008880021058000f0ff2800a3
:10beac000080600000c0a000200588008460a9000c
:10bebc009460a8000481a80004a1a90005e1a800d1
:10becc000080fa00000006000000fa001102800059
:10bedc00f0f12f00008060000050a00010028800dc
:10beec000000000000000000c04180000000e800dd
:10befc00c04188000080fa00000006000000fa0033
:10bf0c00c04180000000e00008003a0011028000ef
:10bf1c00f0f12f00008060000050a000100288009b
:10bf2c000000000000000000ffff3700c04180004f
:10bf3c000000e900c0418800c04180000000e00022
:10bf4c0005003a0011028000f0f12f000080600023
:10bf5c0010028800000000000080fa0000000600bb
:10bf6c000200fa00000f78009e0078006480400008
:10bf7c00800078001e007800110098001e007800e8
:10bf8c008080eb00210098009e00780064804000c7
:10bf9c00800078001e007800310098009e00780028
:10bfac0064804000800078001e00780041009800fa
:10bfbc001e0078008000eb00010878000080fa0079
:10bfcc00000006000200fa00000f78001e00780046
:10bfdc008000eb00410098000080fa000000060091
:10bfec000600fa0010079800210798001e00900028
:10bffc0090009000010f78002e0090009e007800b9
:10c00c00110098001e007800a00090002e009000f7
:10c01c00210098001e00780020009000ae009000d7
:10c02c00110098001e007800ae00900021009800ce
:10c03c002e0090009e009000410098001e00900081
:10c04c00100078008000e8001e00900001087800c5
:10c05c000080fa00000006000800fa002007980093
:10c06c00310798003e00900090007800110798006e
:10c07c001e009000e10f400004003a002e009000da
:10c08c00c0009000010f78000d0037002e009000ca
:10c09c0064004000000f7800030037001e00780099
:10c0ac0090009000010f78001e00780010009000a6
:10c0bc00900078001e009000808f5000f7ff360033
:10c0cc001e007800900090003e0090001100980037
:10c0dc003e00900010009000be00900021009800df
:10c0ec003e0090009e007800210098001e00780011
:10c0fc00be009000110098003e009000ae00900031
:10c10c00410098002e009000100078008000e8009c
:10c11c002e009000010878000080fa000000060054
:10c12c000400fa00100798001e009000c000900058
:10c13c00010f78001e009000100090009e009000ef
:10c14c00a1009000210098001e009000200090009b
:10c15c009e00900091009000110098001e00780045
:10c16c00900090001e009000808f500004003a0058
:10c17c001e009000a00090001e0078001100980096
:10c18c001e0090008000eb00410098001e0078001b
:10c19c00100078008000e9001e007800010878008b
:10c1ac001e007800100078000080fa0000000600e5
:10c1bc000200fa00000f78001e0078000000a200b8
:10c1cc0000f0a7000000ea000000e9004f00de00cc
:10c1dc00004078000080fb004f00dd00511680000d
:10c1ec0001f0a10001007000501688000080fa00d8
:10c1fc00000006000000fa002d23a800c7e2a900e9
:10c20c000000eb00eaff07000080fa0000000600c7
:10c21c000200fa00004f78000000000011118000ad
:10c22c0000202000008060000000e000fbff3a00ce
:10c23c001e00fb00201188000080fa0000000600a0
:10c24c000200fa00000f7800040037001e0078008e
:10c25c00104078001e0fe800edff07001e0078006c
:10c26c00104078000004e000f8ff3a000080fa006b
:10c27c00000006000400fa00008fbe00de62a90078
:10c28c001e01be004418dd00cc10de0081007000e1
:10c29c004410dd000001be0000402200410f2000d0
:10c2ac00e1d00700000078000000e9004011880090
:10c2bc0021e2a9002062a9000111800090ff2f004b
:10c2cc0000806000001188002002a90021e2a80073
:10c2dc002342a8000080fa00000006000000fa00cb
:10c2ec002023ef002223ef002423ef002823ef006c
:10c2fc002c43a900c642a80001198000000e2000a2
:10c30c00010070000019880021198000f00f2e0028
:10c31c000080600000c0a0002019880020c0b3007d
:10c32c0024e3b7004119800000ff2f00008060005b
:10c33c000010a0004019880021e3a8000080fa003a
:10c34c00000006000200fa002023a80000000000f4
:10c35c0000198000610060000000e000fcff32006a
:10c36c0001188000010f78002003a9001e0078003e
:10c37c008000eb00823821000289b90002017800ac
:10c38c006002b90084017800030141008338210068
:10c39c000300b8000101410082007800627f220096
:10c3ac0003002000a0d00700000078000080fa00f5
:10c3bc00000006000400fa00100798000000eb00d3
:10c3cc00000f78001e0090006100600000407800b3
:10c3dc000004e0000d0032001e0090000000a100df
:10c3ec008080e8001e009000808f50000500360011
:10c3fc001e0090000000a1000080e80010079800cb
:10c40c00020037000000eb0010079800fedc07006c
:10c41c00b04180000000e00003003a00b08320002f
:10c42c000000a100b04188001e0090000000e00058
:10c43c0013003200a14180001e009000808040005b
:10c44c00d0ff2000808f50000d003e00a1418000e5
:10c45c001e00900080804000a0418000808f500022
:10c46c0007003600b1418000a0418000008f4000e1
:10c47c00a14180001e00900000804000a041880077
:10c48c00e7dc07001e0078000080fa0000000600c0
:10c49c000200fa00000f78001e0078000000e00097
:10c4ac000800320011028000f0f12f0000806000c3
:10c4bc000050a000100288000000000000000000e6
:10c4cc00ffff37000080fa00000006000000fa00b1
:10c4dc003428ef000080fa00000006000000fa008b
:10c4ec00a0418000e1ff2000008050000080fa0095
:10c4fc00000006000000fa003428ef000080fa006b
:10c50c00000006000200fa003aff07000058220063
:10c51c000100200057ff070070ff07000041eb00ef
:10c52c0021002000500020004ae90700404188000b
:10c53c0010c0b300b9e907005041880010c0b30027
:10c54c00b6e907006041880032c0b3008000eb0000
:10c55c00100020003fe90700704188004041800036
:10c56c000000e00009003200504180000000e000b3
:10c57c0006003200604180000000e0000300320041
:10c58c00704180000000e00001003a00ffff37001e
:10c59c008002eb00440020008001eb000210200020
:10c5ac006117290080df250002d807008002eb000c
:10c5bc00340020008001eb0002182000c117290074
:10c5cc0040d22500fbd707008002eb00240020009e
:10c5dc008001eb00021020004118290080d02500ba
:10c5ec00f4d707008002eb00140020008001eb0060
:10c5fc000210200081182900e0d72500edd7070094
:10c60c0064e425008001eb0012002000411f200093
:10c61c00d0182900d0f60700000f78001e00780013
:10c62c000000e0000700320048dd07000002eb00cc
:10c63c008001eb0000017800110020001e00780042
:0cc64c003cf707002ddc0700ffff370063
:020000040000fa
:10c65800380800000200000002000000ef0000009f
:10c668003a180000d0020000000000000008000096
:10c678001e000000000000000a1b000076000000f9
:10c68800000000001e0800000a0000000000000072
:10c698002808000008000000000000003008000022
:10c6a80004000000000000003a080000001000002c
:10c6b8000000000034080000040000000000000032
:10c6c800801b00001e00000002000000286e6900a8
:10c6d8006c29000025006800076c09004c836a007b
:10c6e8009074a0007ac000008068880000846c0004
:10c6f800820081009e1b0000020000000000000074
:04c70800000000002d
:020000040000fa
:10c70c004200f800801f7800000220001002880010
:10c71c00811f7800829fbe00849fbe00869fbe0052
:10c72c00889fbe008a9fbe008c9fbe008e1f780023
:10c73c003600f8003200f8004400f8003400f8002d
:10c74c00c0418000801f7800004080000f087800f6
:10c75c006620020000000000004080009007780076
:10c76c004f007800c04188003400f9004400f90003
:10c77c003200f9003600f9004f0778004f06be0072
:10c78c004f05be004f04be004f03be004f02be005b
:10c79c004f01be004f00be004200f9000000060031
:020000040000fa
:020000040002f8
:04aff800be7b00001c
:00000001FF
